,infestation_level,sample_date,x,y,sample_id
0,Moderate,2020-12-01,-118.0638211,34.04649836,4dc7a7a9-e511-43c5-be3b-f2ee49bc8cdf
1,Heavy,2020-12-01,-118.0637685,34.04620443,4fb79116-c572-43b7-a4a3-df8bb6478ef1
2,Low,2020-12-01,-118.063848,34.04588088,b5b0a281-5494-4463-9f49-7a87d79281c6
3,Heavy,2020-12-01,-118.0636258,34.04651819,c9932012-5aae-43dc-b797-d53e9cc25085
4,Severe,2020-12-01,-118.0636605,34.04648689,63864f90-7993-4c04-b74a-4d792be49423
5,Heavy,2020-12-01,-118.0636195,34.04636368,570a7294-8e0c-4626-bf08-4d9c6a6769c4
6,Severe,2020-12-01,-118.0635823,34.04626527,cbc5da2c-fa07-43e8-8a73-f704f60cb0e8
7,Severe,2020-12-01,-118.0635428,34.04618806,d1d67250-6072-4f06-8c12-d89e6b671757
8,Heavy,2020-12-08,-118.0636507,34.04603413,d053bd46-cdc1-45db-b126-273d0b93397f
9,Moderate,2020-12-08,-118.0636351,34.04590996,535392e7-380f-493b-adbc-cae659b7a301
10,Severe,2020-12-08,-118.0635555,34.04586442,05e73f23-7bf5-4dfa-a6b1-dfffce08d2f8
11,Severe,2020-12-08,-118.063634,34.04581154,c0f849c2-9782-4e8f-baad-edc8af51a4bd
12,Moderate,2020-12-08,-118.0636725,34.04572706,7d7d492a-31fe-42e0-9c94-d718983c529b
13,Heavy,2020-12-08,-118.0635684,34.04551984,ccfd321b-6b44-40ee-92ed-ba7b70ceddf4
14,Heavy,2020-12-08,-118.0636087,34.04543321,a1f91981-d362-4daa-933e-8877852e760a
15,Severe,2020-12-08,-118.0636265,34.04539372,e7aeeb86-bf86-42ea-9998-51fcf0de7d13
16,Heavy,2020-12-08,-118.0636448,34.04524223,7ddf2af8-2621-4474-918b-528903cdee45
17,Low,2020-12-08,-118.0631979,34.04543284,9dd099d2-de8e-4957-a972-9dcb39a49015
18,Low,2020-12-09,-118.0637249,34.04465508,0acb7225-e60b-41aa-9ae2-a02ad70b959b
19,Moderate,2020-12-09,-118.0636557,34.04441257,d757e049-f87c-4393-94d5-dfb1efaeca21
20,Moderate,2020-12-10,-118.0634247,34.04452191,901f97ae-f056-4477-a69c-6d8cc9ec5888
21,Moderate,2020-12-10,-118.0633745,34.04453955,b71f8f34-2ba8-4169-8304-dc287d80789a
22,Severe,2020-12-10,-118.0637541,34.04404243,322cbf90-b4e0-43cc-9b5f-8c1c7a5a24ce
23,Heavy,2020-12-10,-118.0629124,34.04509782,739c82a3-91b7-4e55-83e3-2419179e9351
24,Moderate,2020-12-10,-118.0628551,34.04501273,2a53f052-8ba3-43fe-a06e-d09d8219da20
25,Moderate,2020-12-10,-118.0628279,34.04511526,b9673d94-7273-4145-9ba7-b4d842c6e0a0
26,Moderate,2020-12-15,-118.0631589,34.04466498,1e154c1f-6fb1-41f1-a2af-9fa82dfc78d2
27,Low,2020-12-15,-118.0630512,34.04462862,d4567117-3173-45b6-b23c-6b0ff82c8210
28,Severe,2020-12-15,-118.0629879,34.04463741,6cdeb779-9f3f-4d3a-a22c-d32f97cd7e3e
29,Moderate,2020-12-15,-118.0629409,34.04464034,7f678341-57c9-416a-b449-d22f75afeead
30,Heavy,2020-12-15,-118.0626381,34.04464634,3390dcd6-ba00-4f22-8ff5-6b13b37c9cf7
31,Low,2020-12-17,-118.0625378,34.04453952,41e85f5f-fcf3-4423-8502-00190d02a93d
32,Low,2020-12-17,-118.062261,34.04459611,d423f46a-2db2-4b87-8117-3a2747dad4a2
33,Low,2020-12-17,-118.0622579,34.04463181,a38ca678-ac0a-4b1f-ba93-0a32c9d3d63d
34,Moderate,2020-12-17,-118.0620608,34.04459787,9fbf2f72-7cc8-4ca9-a1e6-e0993b2ccef4
35,Low,2020-12-17,-118.0620951,34.04471802,5e239afc-1056-4172-83e8-f4c0924de5f2
36,Moderate,2020-12-17,-118.0619805,34.04455702,5e121a49-21d0-4f55-b48d-f5492e45c3e7
37,Severe,2020-12-17,-118.0618615,34.04440816,7f973926-4b90-48c0-adf5-c38020d07e20
38,Low,2020-12-21,-118.0624287,34.04498108,75daeff8-6b1e-49f5-a564-ca7a468a6cab
39,Heavy,2020-12-21,-118.0620782,34.04435877,3fa2f63a-fc8c-4578-bd1a-c19a7f248a81
40,Low,2020-12-21,-118.0618812,34.04440627,76a4577a-e0da-478d-82d0-b5371e471ba7
41,Low,2020-12-21,-118.0618159,34.04446861,db8f76cc-0c6d-4472-b762-3d7cdfba2fca
42,Low,2020-12-21,-118.0617801,34.04449853,bdecc800-ade4-4725-a171-1b2fc1504b75
43,Low,2020-12-21,-118.0617076,34.04451218,4c463aa1-b7f4-4de6-8346-8fdf2435379e
44,Low,2020-12-21,-118.0615936,34.04447554,0e7ce3f3-ef58-45da-af8d-63d7e390994e
45,Moderate,2020-12-21,-118.0616335,34.04537658,aeb172ea-c833-4ac8-8d3a-c226235dd2f5
46,Low,2020-12-21,-118.0618718,34.04545429,8ddf01cb-d002-47fd-a2a3-fa69fe4c508e
47,Severe,2020-12-30,-118.1997458,34.10217512,b25457ca-2e5e-4faa-8b61-770adda15de0
48,Severe,2020-12-30,-118.1991448,34.10234513,34408a8c-73e3-46cc-bbb4-15855e05f6a4
49,Heavy,2021-01-04,-118.0623614,34.04272568,1238ef03-9922-4b6c-a8fb-9fdf67cedd14
50,Moderate,2021-01-04,-118.0623452,34.04243228,eeb7ce88-2413-4898-9e3b-65b319e6ffeb
51,Moderate,2021-01-04,-118.0622018,34.04249564,533e3d88-495b-44de-9ce4-8adff6c71abe
52,Moderate,2021-01-04,-118.062225,34.0426166,532e4ab6-5e2f-4551-8357-1da2595447d2
53,Heavy,2021-01-04,-118.0621165,34.04253548,8bd18bfe-f4b9-48fd-b61c-b9c9ed20b332
54,Severe,2021-01-04,-118.0619862,34.04261437,f2185e1c-5095-466c-b9e0-2817736844dc
55,Low,2021-01-04,-118.0620311,34.04233603,bdb377e4-67c5-4c21-afda-c03e7a347b10
56,Moderate,2021-01-04,-118.0619542,34.04233658,a245b68d-42b0-406d-b66e-14e0f27a4788
57,Moderate,2021-01-04,-118.0609327,34.04199242,a68a1f59-db60-4b87-a169-d2b0376ef1a9
58,Moderate,2021-01-04,-118.0609205,34.04219989,2ae55043-6401-43ed-8301-26c68383da11
59,Low,2021-01-04,-118.0610333,34.04217502,b8116f7e-a0d5-44d9-bbda-a397e9e48364
60,Low,2021-01-04,-118.0610513,34.04225142,3f53e502-dfed-4912-8ab2-04d913bea39f
61,Low,2021-01-04,-118.0610104,34.04231273,e2698e6d-3f87-445e-bec6-a0b0cf8dbe12
62,Severe,2021-01-04,-118.0610733,34.04229887,c2942643-b19b-40e3-a8d9-f6f759081bb4
63,Severe,2021-01-04,-118.061185,34.04226213,d5266e5b-8432-4f5a-ba79-b2a028b15990
64,Low,2021-01-04,-118.061319,34.04240638,d50b0458-0c4d-47e5-beda-2388a5f1c221
65,Severe,2021-01-04,-118.0614218,34.04237784,ccd31be0-9635-4943-99f8-ccd57fd312bd
66,Severe,2021-01-04,-118.0614605,34.04250288,c1053ea4-fd1a-4745-8fb6-806dbb5b4eb9
67,Severe,2021-01-04,-118.0614019,34.04259536,fd7e4b01-40a7-4ee7-82f2-36a5bb5b3a77
68,Severe,2021-01-04,-118.0613441,34.04274008,700da495-ad29-4c97-bbad-47f72f52c6d5
69,Heavy,2021-01-04,-118.0608884,34.04272497,bcc40607-bba2-41da-97ae-052c59ced92e
70,Low,2021-01-04,-118.0608322,34.04268001,fb76e001-1aa8-4fab-a96b-3ee84f70ad9e
71,Heavy,2021-01-04,-118.0606318,34.0427021,f59ded63-99e7-4b88-ab4e-5b2c184d81d2
72,Low,2021-01-04,-118.0602992,34.04173814,d0ec66b3-f8aa-4b5d-af09-107c8add37cf
73,Low,2021-01-04,-118.0606598,34.04222621,1bd5a1cc-accd-45dc-b164-220ad8fce36b
74,Severe,2021-01-04,-118.0607311,34.04262705,30bcec60-a417-43cd-a315-b6d4acd7d58c
75,Severe,2021-01-04,-118.0607481,34.04252969,dc68e585-5887-45b7-a611-a6c6e3b6a40c
76,Low,2021-01-04,-118.0609232,34.04246845,63728d1e-4a29-4e9a-8fd4-fef2573c0a14
77,Moderate,2021-01-05,-118.061147,34.04244047,ca556384-a18c-4fdb-bfec-c32891357da1
78,Severe,2021-01-05,-118.0611213,34.04251131,ed3ffea8-cace-4d50-9f2e-5355cc2059de
79,Heavy,2021-01-05,-118.0610261,34.04257122,f15a6040-118a-450f-b5d6-fe9c7d60e0fa
80,Low,2021-01-05,-118.0608942,34.04240958,0fbc58f5-464b-405b-8e0c-d7abd7e0f791
81,Low,2021-01-05,-118.0609693,34.04244769,4a13175e-620d-4412-a641-eee64b873ebe
82,Low,2021-01-05,-118.061048,34.04242841,e489c56a-c772-41aa-abad-d7957df3f82e
83,Moderate,2021-01-05,-118.0607467,34.04327398,6c9a6fd3-e1b9-4005-a9ff-090f601ef06a
84,Low,2021-01-05,-118.0608125,34.04339257,ebb40858-30dd-4f7f-98fb-242ef8510b1d
85,Low,2021-01-05,-118.0612264,34.04412864,489c2b32-0323-4914-a99d-97a60c011ada
86,Low,2021-01-05,-118.061044,34.04408347,b05a8ce9-6ffc-49db-b734-3c684a938ffd
87,Low,2021-01-05,-118.0611211,34.04421324,7cb96eb1-30ac-4a5d-993f-cce12d5588df
88,Low,2021-01-05,-118.0612362,34.04423863,4cfb6db7-28ed-4f96-8c44-07bc23427055
89,Severe,2021-01-05,-118.0610343,34.04445313,46a50abd-885a-4891-8556-db8083dddf12
90,Severe,2021-01-05,-118.0611252,34.04459747,8146d8a7-6004-4000-bb5a-c7a149d1726f
91,Low,2021-01-05,-118.0605634,34.04499805,57cfd756-da8c-4e59-a77c-a7f018cdde32
92,Low,2021-01-05,-118.0605727,34.04494286,644e48cd-7f1b-4669-a488-6f7e4a1c96dc
93,Heavy,2021-01-05,-118.0601737,34.04501565,a3207b4a-a104-400f-b172-8c6c901df44e
94,Moderate,2021-01-05,-118.0601683,34.04498349,fccc01ed-57fe-49ef-8cdb-18cde79a6453
95,Moderate,2021-01-05,-118.0601637,34.04500786,984038a0-2a79-4afe-a1a6-1b7cbe86e439
96,Heavy,2021-01-05,-118.0603485,34.04468725,1273f52d-1ff6-4890-a4d1-fd0ea802541f
97,Moderate,2021-01-05,-118.0601296,34.04450899,9cd30ac4-2bc4-4d9d-9de6-d3adcf645433
98,Severe,2021-01-05,-118.0603012,34.04440061,d859f469-8ebf-442a-a427-381265da3435
99,Low,2021-01-05,-118.0604425,34.0443541,2edd4631-64ab-46ab-ad87-5c9e566037c9
100,Low,2021-01-05,-118.0606194,34.04435527,71577ce4-cfc7-4c4d-8f60-989a4b188edd
101,Moderate,2021-01-05,-118.0605495,34.044257,6234b02c-5563-4ae8-bfb6-3437a31213ac
102,Low,2021-01-06,-118.0606977,34.04431906,753b2e5b-2aed-4481-8ec0-ae5679985757
103,Low,2021-01-06,-118.0606959,34.04423718,13d4b729-c44c-4af0-894f-9258880262c3
104,Low,2021-01-06,-118.0606991,34.04414687,84c59b4f-009b-43f6-bf48-08040b133dce
105,Low,2021-01-06,-118.0607787,34.0441667,3267f974-c310-4652-975a-651d65a3a132
106,Low,2021-01-06,-118.0602055,34.0453073,89d3896f-778f-41f8-9e99-6c496bec968d
107,Moderate,2021-01-06,-118.0600346,34.04580968,48f33154-fb94-40d6-902e-bb92096dbad7
108,Low,2021-01-06,-118.0603796,34.04596791,68c8565e-7ecb-41c8-955c-d4fe498e27cc
109,Low,2021-01-06,-118.0604595,34.04597227,e5d488c1-4665-43ff-9ef9-b3821cdc2237
110,Heavy,2021-01-06,-118.0604201,34.04590458,5d05f806-4cc0-48a8-b296-4c533ce26f55
111,Low,2021-01-06,-118.0604088,34.04585979,26ec3fc9-2fc1-4a54-a6e2-61c376e09bfc
112,Severe,2021-01-06,-118.0604303,34.04576484,1948fd58-eec7-4d57-9744-df06d76cc9d0
113,Moderate,2021-01-06,-118.0604552,34.04574024,4ef1dd65-fb68-42b0-9b01-675a9bf2aa8d
114,Severe,2021-01-06,-118.0605034,34.04567268,4a3cb0a2-a7f2-4e25-a3af-cf2559cb3e12
115,Moderate,2021-01-06,-118.0605844,34.04556406,77ef89b0-375f-4a0a-a00e-aa517beba702
116,Low,2021-01-06,-118.060502,34.04556721,8ee50fb3-3b51-4576-a8d2-62bce02c3c79
117,Low,2021-01-06,-118.0605491,34.0454494,c73d33ef-f161-4d02-936b-619544f55174
118,Low,2021-01-06,-118.0604968,34.04538335,f0e10897-5251-4dde-a678-23f6cbae8aa6
119,Low,2021-01-06,-118.0605216,34.04530822,f6c97206-310e-4789-9ca8-73a0f2ca277b
120,Low,2021-01-06,-118.0604916,34.04528,fe784938-9587-48b7-80ac-9c8954cab528
121,Severe,2021-01-06,-118.0605902,34.04519186,ba7e2af7-5bbb-4a6a-9966-1236df94fbdd
122,Low,2021-01-11,-118.0612697,34.04540259,c9554e4f-feb7-46c1-979a-7d1bd5eb56d9
123,Moderate,2021-01-11,-118.0614091,34.04562293,6dfc7fc7-6c09-4c5b-959f-26a55c8288c0
124,Low,2021-01-11,-118.0614694,34.04548224,d4be5802-8e24-4fbe-8829-24ef84da0342
125,Low,2021-01-11,-118.0618449,34.04545431,fe87b264-a937-4449-925b-b74066d4e092
126,Severe,2021-01-11,-118.0619395,34.04541175,ba160c44-fe23-4396-88b5-c29cac160d60
128,Severe,2021-01-11,-118.0620858,34.04548098,8db3b8d8-b25c-41fd-b986-f4ac208f2077
129,Low,2021-01-11,-118.0621764,34.04545484,58b7bd2e-2fbc-483b-bb4c-b86ecbbb764e
130,Low,2021-01-11,-118.0621921,34.04555665,43199943-9581-4efb-a8f5-74f52d17982d
131,Heavy,2021-01-11,-118.0624962,34.04553668,27ac10f2-aa11-49fc-b450-9ebe02a4dea7
132,Moderate,2021-01-11,-118.0624559,34.04562153,4756404a-4fa1-4c51-97b5-490931273df5
133,Moderate,2021-01-11,-118.0623553,34.04577706,f3df8be9-c05a-4cb6-957f-1d7ec158e590
134,Low,2021-01-11,-118.0625175,34.04568925,d8425a8c-8da8-4e00-baf3-efc1e0f7f70e
135,Low,2021-01-11,-118.062522,34.04575773,bde281a6-fdd3-4148-ace5-c1dd32725ab9
136,Low,2021-01-11,-118.0626536,34.04577772,5d96ada0-1b0b-4e46-96ab-2cc9d7c63f7b
137,Low,2021-01-11,-118.0612263,34.04740623,204f5a49-a40b-4c60-a969-eb83422f8375
138,Moderate,2021-01-11,-118.0611485,34.04750593,5d6a59d5-7a49-4239-b63c-1347b0e98ec4
139,Moderate,2021-01-11,-118.0611631,34.04783174,f8f23d53-f9d2-4687-ac20-ef72a97f147f
140,Heavy,2021-01-12,-118.062734,34.04558839,dd931241-536f-4179-b57a-05163b2e4ed6
141,Low,2021-01-12,-118.0627157,34.04587612,7f519263-7ec6-43ef-a9cc-f07f51eb7043
142,Severe,2021-01-12,-118.0628831,34.04600886,4ce405ce-ce6c-428b-8aaa-243af53dbabb
143,Heavy,2021-01-12,-118.060753,34.04681598,a18bdd8b-2e24-4620-961d-f73d433a589e
144,Low,2021-01-12,-118.0610208,34.04712442,81e313e6-8db4-45e0-bbc2-9a1e90abd476
145,Heavy,2021-01-12,-118.0582603,34.04330555,f0e458bc-fd14-4fc3-b807-68bf02cbbef0
146,Heavy,2021-01-12,-118.0580383,34.04456417,6cfa3446-16f2-4b66-80e5-b78bc0a427a1
148,Low,2021-01-12,-118.0582937,34.04411555,a3e13f5d-3715-4003-9e67-da30b8683ca0
149,Moderate,2021-01-14,-118.0589914,34.04223057,d8764e9a-4ff5-4896-a655-b188f621fd55
150,Low,2021-01-14,-118.0588387,34.04203335,336af034-adc2-4cd0-83e1-1d08e00415bb
151,Moderate,2021-01-14,-118.0587746,34.04188609,f1ef0688-a040-48c0-b964-05fac9a8b5f0
152,Low,2021-01-14,-118.058719,34.04180579,25531926-e9db-4ff2-837f-e4c46efff062
153,Low,2021-01-14,-118.0585409,34.04164487,48176b42-d839-4cf1-906e-38e76850dc7b
154,Moderate,2021-01-14,-118.0590461,34.04207054,e55fb8f3-0d45-4b7c-9ce7-26aacd8949ef
155,Low,2021-01-14,-118.0590497,34.04200711,ce79924b-165e-4827-a0db-e0d4684e2e43
156,Severe,2021-01-14,-118.0589596,34.04188954,b0f64f73-d3f3-4bed-9943-33acd382a849
157,Low,2021-01-14,-118.0589129,34.04181513,ca201a82-8811-49d1-a814-a99cc5043859
158,Low,2021-01-14,-118.0590355,34.04166227,223a8cc7-72cb-4290-99ea-06c3ef3366cd
159,Low,2021-01-14,-118.0588849,34.04172409,ae721df1-e569-4e14-8206-f648e57bc41a
160,Low,2021-01-14,-118.0588435,34.04177287,e405c60e-828f-44d3-843e-6cab9d12b6d2
161,Low,2021-01-14,-118.0588776,34.04181675,89bbdc85-8fed-4264-81be-1f8525039e6b
162,Low,2021-01-14,-118.0588381,34.04162803,f851abb5-6728-4a31-8a49-b8758600d77b
163,Severe,2021-01-14,-118.0587841,34.04165342,ed20fcae-f114-4b4a-9239-608e562d66df
164,Low,2021-01-14,-118.0588208,34.04156687,f84101e3-34fe-4890-9b0b-4b2f6d651d43
165,Low,2021-01-14,-118.0587451,34.0415466,a694e5db-edbc-4d37-92bd-b031ee0b1c78
166,Low,2021-01-14,-118.0586926,34.04155023,234c4bb6-79ef-44a3-809a-3d79668cfa5c
167,Low,2021-01-14,-118.0587659,34.04146847,09706548-d024-421a-9fee-f75cf190efbd
168,Low,2021-01-14,-118.058375,34.04139377,75d18613-de46-48df-81fc-2a830fd0f62c
169,Moderate,2021-01-14,-118.0579711,34.04136428,2c239789-164c-4e2b-ab1b-53ddeb78c9f1
170,Low,2021-01-14,-118.0578417,34.04137324,00622ba5-0a6e-4bbb-97b1-f8c0a28b675e
171,Severe,2021-01-14,-118.0577599,34.04136895,8331fc0e-631c-449c-bf7c-42c00c7495e3
172,Moderate,2021-01-14,-118.0576911,34.04149537,7e67d940-1bc6-41fa-8167-abe28b1d5af4
173,Moderate,2021-01-14,-118.0576387,34.04148156,c94b0af8-ce5b-4e59-9cc8-4d83f45bb203
174,Low,2021-01-14,-118.057679,34.04150638,2b8da3e1-dd93-49c0-b2fa-700247748de0
175,Heavy,2021-01-14,-118.0576083,34.04164756,32b57c80-a528-4fe6-9ce1-29b5be0dc4c5
176,Low,2021-01-14,-118.0575529,34.04155931,7bca6a41-a793-47b4-b2f4-7be262b58fcc
177,Moderate,2021-01-14,-118.0574226,34.04163568,39f53c79-a431-438e-b53f-1f58de8a9f2f
178,Moderate,2021-01-14,-118.0574833,34.041669,c4e72bc0-60a0-4891-9916-6968ec33ee0b
179,Low,2021-01-14,-118.057545,34.04173644,699ec519-fbc6-4fdf-ac9f-f767abbb76cd
180,Moderate,2021-01-14,-118.0573464,34.04188677,35aa1fe3-4d9a-4820-ae83-a96d2d95e4c8
181,Low,2021-01-19,-118.0566983,34.04105055,103d1258-a217-4f43-9d11-0d76b07bb908
182,Low,2021-01-19,-118.0565979,34.04110614,a88b8a24-2aa3-4272-b0c8-f4618b2dfc4e
183,Moderate,2021-01-19,-118.0557425,34.04109088,b3a98710-cfde-4d7b-bd7c-7077c77c356d
184,Severe,2021-01-19,-118.0548405,34.04151221,a12b8bd7-f8ae-409d-93ca-8f9e3715eaae
185,Severe,2021-01-19,-118.0546898,34.04138494,660eccf2-b80e-489b-96ce-d0b92d7d41ea
186,Severe,2021-01-19,-118.0544456,34.04140905,18315025-aa59-423e-98b5-5edfd60e65ad
187,Severe,2021-01-19,-118.0543894,34.04129045,1476b6c6-0db9-402d-a161-512bbb2d3713
188,Moderate,2021-01-19,-118.0543794,34.04119401,4c12955c-8abb-4c29-aaeb-b1f8143e24dd
189,Low,2021-01-19,-118.0541046,34.0407811,0b7fa5e3-5925-4241-ac4d-841743aaa965
190,Low,2021-01-20,-118.0581365,34.04145606,a3197801-8d1d-4f6f-9734-72fa2e40ccec
191,Severe,2021-01-20,-118.0576483,34.04187772,6deac783-2b85-4b49-b014-6b86e58e5cff
192,Severe,2021-01-20,-118.0575758,34.04185893,eddfecb8-5e19-4872-b02b-5958fbb6140f
194,Low,2021-01-20,-118.0573679,34.04202776,f4e8f841-e957-40b4-b222-cdef94f63301
195,Severe,2021-01-20,-118.0574588,34.04212273,3eb67b28-f752-4790-a512-9b0be83d16a5
196,Moderate,2021-01-20,-118.0574979,34.04214859,da51cb4d-fd21-4fc0-bca2-97334b3285e1
197,Severe,2021-01-20,-118.0573282,34.04191389,249796fc-cccf-465a-b7c6-dd4bd7e161ac
198,Moderate,2021-01-20,-118.057153,34.04191039,141d9cef-3417-4c9d-ae49-58a1a7637283
199,Moderate,2021-01-20,-118.0571252,34.042002,d8824645-2d7e-4d19-9891-6de2299b7d55
200,Moderate,2021-01-20,-118.0571228,34.04209261,0b219537-4ab5-49b5-a529-2e3d3ac17da6
201,Severe,2021-01-25,-118.0639875,34.04771812,1704acf3-851b-4db4-8376-cf6f867f0c4b
202,Moderate,2021-01-25,-118.0572094,34.0429958,d03815e7-8ef7-4681-9694-d800c96e837c
203,Low,2021-01-25,-118.0569982,34.04301915,e6bc9851-b289-4801-b6a2-b258b0b610d9
204,Low,2021-01-25,-118.0567788,34.04303559,5a2d0df3-6195-43e9-831f-332b16e264fd
205,Low,2021-01-25,-118.0567226,34.04301881,32c1b19d-af35-44ec-b5ff-8961b320f184
206,Low,2021-01-25,-118.0567028,34.04295217,149cd6c9-d637-4386-a0f7-d2f845858b4f
207,Low,2021-01-25,-118.0566478,34.04296695,586c5fc2-f2dd-47f1-85c1-55680058efff
208,Low,2021-01-25,-118.056524,34.04298955,5014ec9c-7aaf-4317-9545-96a4a7db18ba
209,Low,2021-01-25,-118.0563428,34.04294155,acbcdd36-426f-423a-a918-fcbc3f4d876d
210,Low,2021-01-25,-118.0559012,34.04269691,bc1c8659-d3f0-4e7f-b19a-c1c8bf48ee46
211,Moderate,2021-01-25,-118.0557598,34.04262494,c0e1d1cb-ebfe-41b0-82b8-c8be2079b263
212,Heavy,2021-01-25,-118.0557261,34.0425433,522af371-0d3a-4ce4-a0ba-6fe7acba3731
213,Severe,2021-01-25,-118.0557378,34.04247103,209b2023-b5ae-4161-b703-956ff9bf08b0
214,Unknown,2021-01-25,-118.0558965,34.0423154,96ad247b-f405-4eb8-9062-352e7f5bdc90
215,Low,2021-01-25,-118.0550413,34.04186903,94d21bf7-5e01-43dc-995e-0be893dce740
216,Low,2021-01-25,-118.0550537,34.0418707,42b676a9-f36f-4509-ad90-cf099f921816
217,Low,2021-01-25,-118.0546645,34.04168407,9a35aa97-5a97-4228-8487-a174c0e247ad
218,Moderate,2021-01-25,-118.0539878,34.04168315,cc0b24ac-491d-4e42-ac4b-477716a24172
219,Low,2021-01-25,-118.0539644,34.04170102,c711c671-9fd5-4e64-b926-0348deede4b4
220,Moderate,2021-01-25,-118.05393,34.04184039,842c375a-e89d-4943-92d0-c6b6c1eaddc0
221,Severe,2021-01-26,-118.0646462,34.04814566,592b9dcb-c1b8-4328-ac93-0d6bf8d60929
222,Severe,2021-01-26,-118.0663166,34.04865755,a983d912-f0e8-4eef-bcce-7641f86bf3d2
223,Moderate,2021-02-18,-118.0581616,34.04454389,20a7996b-c7a4-488b-b329-442820253b54
224,Severe,2021-02-18,-118.060731,34.04702215,08d8fcb3-c8b0-4f41-bc43-972af5547e7b
225,Severe,2021-03-04,-118.0607408,34.04684573,814824d8-3366-4acc-a2c6-3483bdb14393
226,Moderate,2021-03-04,-118.0607189,34.04708543,f263cbf2-d605-4286-b0ea-35990f5e66b8
227,Severe,2021-03-17,-118.0664989,34.04875261,888b5714-9ffc-4e19-8318-901b8a940328
228,Severe,2021-03-17,-118.0666618,34.04874308,5ab32aeb-ae82-4c65-9eae-51628000e8ea
229,Severe,2021-03-17,-118.066766,34.04865342,5232a663-9083-485a-a9fc-ed09f38bb9f6
230,Severe,2021-03-17,-118.0669639,34.04871072,73b691c1-bd6b-457c-ac80-ad9f63b42f82
231,Severe,2021-03-17,-118.067494,34.04883556,efde36bb-ec4d-48ac-84fd-ab5a9d4d5d5a
232,Severe,2021-03-17,-118.0677614,34.04900894,e5ce4686-3f81-4223-a142-7c61d10268c7
233,Severe,2021-03-17,-118.0658064,34.0501931,83fc1ad8-0b49-4150-a974-31de737d8138
234,Unknown,2021-03-18,-118.0676717,34.05030921,c26fcdf2-6f53-47b7-a84c-c4e782c30ac8
235,Severe,2021-03-18,-118.0680801,34.05023524,3189967a-2b7d-49b5-8aa7-d993f670ab51
236,Severe,2021-03-18,-118.0683489,34.05129004,3a28c7e7-611b-4203-a061-ec6625d38f46
237,Severe,2021-03-22,-118.0687379,34.0436456,f9d87b69-0060-4f30-ad8d-d27ca0060079
238,Severe,2021-03-22,-118.0689488,34.04275464,891ab9c2-a98e-49a8-8a72-2e8979698ee0
239,Severe,2021-03-22,-118.0693449,34.04222296,e24e9570-65a4-4540-83c5-8a0276187f66
240,Severe,2021-03-22,-118.0693476,34.04211067,d0d774c4-ce0b-492a-90a6-faf73417528e
241,Severe,2021-03-22,-118.0685195,34.04985625,c6ede08f-c6f1-4cad-9849-a8821e9ec4ac
242,Severe,2021-03-22,-118.0684431,34.0497675,d37ebd45-977d-4ea0-b3e1-1a0c171128c6
243,Severe,2021-03-22,-118.0683886,34.04935889,3fd7ef29-5544-480b-9bad-851de9881d43
244,Severe,2021-03-22,-118.0680594,34.04934258,3491870c-15b9-428a-a7ae-a3b2084e7a8c
245,Severe,2021-03-22,-118.0682726,34.04920555,4c219cc3-c6ea-4f6a-9622-a8def3062296
246,Severe,2021-03-22,-118.0671362,34.0483568,69a564b1-ac1d-468f-9eb4-80a0133b80ea
247,Unknown,2021-03-23,-118.8835732,34.04009538,48514105-3c40-48dd-ad79-5771512f696f
248,Unknown,2021-03-23,-118.8864227,34.0467459,2466894a-3066-44be-b4e0-732aa70d3530
249,Unknown,2021-03-23,-118.8864807,34.04251919,080971b6-18a5-47c9-81ea-548ef4074df9
250,Unknown,2021-03-23,-118.8711668,34.05443653,f7e27262-8b4d-4f6c-b19f-40017a59020c
251,Severe,2021-03-23,-118.0681795,34.04274657,594f3e8d-db84-4e11-9dec-ba41c24c97e3
252,Severe,2021-03-23,-118.068359,34.04251011,7c9a171e-137d-4753-95e2-ce87a0426dd6
253,Unknown,2021-03-23,-118.8998855,34.07182266,ed1d66ff-1ef1-42cb-969a-8aee54f3a31e
254,Severe,2021-03-23,-118.068433,34.04236277,535e029a-641e-46a4-b910-f380b6ba2bdf
255,Severe,2021-03-23,-118.0673364,34.04287712,9eb6056d-804e-4c84-a848-0a41a8ec4fdc
256,Severe,2021-03-23,-118.0671632,34.04260585,d2524069-5eb0-468c-800c-4594e33558e1
257,Unknown,2021-03-23,-118.8918869,34.04103664,3bace547-4002-47f7-9a27-0d229bc335b9
258,Unknown,2021-03-23,-118.8616193,34.03639536,490ca4b7-0cb2-4145-be5a-5d807e07e5b3
259,Unknown,2021-03-23,-118.8490318,34.03364338,a72696ea-6aae-433c-bead-d81f291e34af
260,Unknown,2021-03-23,-118.8469862,34.03950165,bc94d6d9-b00f-4200-9dbc-fe67d3ebae27
261,Severe,2021-03-23,-118.0663971,34.0434476,dadd33ed-0a3f-4513-9d45-b54ff281f77f
262,Severe,2021-03-23,-118.0665894,34.04499865,cb765008-ae57-400d-9593-1300d3abf462
263,Severe,2021-03-23,-118.0670792,34.04630755,db9d0e11-41ae-4400-9aad-7b9dd0a40515
264,Severe,2021-03-23,-118.0674134,34.04636614,2e07f3f2-0ab5-42be-ab36-9ac113d9d589
265,Severe,2021-03-23,-118.0672622,34.04715492,babfb41c-d4be-40da-95a3-63b952daf2b2
266,Severe,2021-03-23,-118.0664634,34.04448889,f08681be-83e5-479b-bb26-96daebf42ebf
267,Unknown,2021-04-05,-118.0652864,34.04325748,a595db5e-acf1-4925-81e9-19421f121a78
268,Severe,2021-04-05,-118.0654472,34.04335032,13a2d4d9-1a21-4874-8547-0729d5ec2400
269,Moderate,2021-04-05,-118.065349,34.04362928,ae7dd054-e832-4d3e-833a-6a67b30f156c
270,Severe,2021-04-05,-118.0655494,34.04370104,125aa419-fa5e-447b-bdc8-5e9bc0aad0ac
271,Severe,2021-04-05,-118.0649278,34.04403901,adf975f4-deb4-4972-93cc-96291a73f1ba
272,Moderate,2021-04-05,-118.0658846,34.04618062,98f71343-0002-473f-b234-4ba81d54c143
273,Low,2021-04-05,-118.0659251,34.04676601,416389bf-1e09-42bb-962e-e7980ab732c5
274,Moderate,2021-04-14,-118.063976,34.03846488,eccce42f-55e9-4c1c-939c-3095d8f95d1b
275,Moderate,2021-04-14,-118.0639056,34.03925058,42039769-972c-4f19-a66c-50a3ecfed70b
276,Severe,2021-04-14,-118.0633842,34.04068263,2b7bbbda-722d-4489-a301-828e2b0a8182
277,Severe,2021-04-14,-118.0626702,34.04058582,4fb6d338-05f4-46de-9c76-12d90915ecf4
278,Heavy,2021-04-14,-118.0627924,34.04045725,6070e647-7243-485c-ad1e-4247be3f95e9
279,Heavy,2021-04-14,-118.062892,34.04057697,5df1f47a-9744-4152-849e-e1f91ef02a10
280,Severe,2021-04-14,-118.0631726,34.04004367,90967b70-4ddb-4b26-b2fa-a7319e2461c5
281,Severe,2021-04-14,-118.0632443,34.03995373,91039fab-7d04-4446-8c31-95b311a3592c
282,Heavy,2021-04-14,-118.0620499,34.03929265,9207d6ab-20b6-4f30-8f23-c4bc0eb8a215
283,Severe,2021-04-14,-118.0631953,34.03941635,e00fb368-6299-4b5f-a854-2674dc9d7626
284,Severe,2021-04-14,-118.0631519,34.03891676,c4db4b1e-e393-47e5-b317-5c5e209cf9df
285,Severe,2021-04-14,-118.0630459,34.03863192,2eed2ff1-f416-4245-a340-1343ba43befc
286,Heavy,2021-04-14,-118.0629525,34.03861137,77e2b6a9-9058-45f3-81d7-aba774e7b8e1
287,Moderate,2021-04-14,-118.063328,34.03859528,2cd14219-111b-45b5-a73c-32bc250f8040
288,Severe,2021-04-19,-118.0689074,34.04326731,aa5e5e40-a5ae-41d3-aea9-f7ba1dffeab3
289,Severe,2021-04-19,-118.0673317,34.04590461,399d7d09-8955-41a3-8e7c-254f0ba26215
290,Severe,2021-04-20,-118.0612987,34.03733985,7b48ff14-dabb-45d5-9282-64c77971c6e4
291,Heavy,2021-04-20,-118.0600214,34.03735099,b30fe4b2-4f94-4ddb-90a5-af505117c429
292,Moderate,2021-04-20,-118.0583051,34.03727989,e68a595f-3063-4ef5-940d-0d28b975ff31
293,Moderate,2021-04-20,-118.0578291,34.03692958,6d887f48-8955-4d96-9d47-d983e331ee3b
294,Moderate,2021-04-20,-118.0575948,34.03678016,820d59ca-4cf2-45a5-8bb2-65ad9cdc2a88
295,Moderate,2021-04-20,-118.0560363,34.03712434,8104c226-af5b-4f46-ab00-5a9e75a3d519
296,Unknown,2021-04-20,-118.056139,34.03771402,2a8dae4f-dff3-4bb4-a6db-3643ff51b439
297,Severe,2021-04-20,-118.05715,34.03898711,d31dd247-e7f7-499c-be46-db0f56cda5ce
298,Severe,2021-04-20,-118.0572275,34.03902262,19ec2ac1-c1a5-441c-ad42-5dcfe6de453a
299,Moderate,2021-04-20,-118.0576345,34.03985532,a87c8aea-71e6-44db-87ef-eec75b8e6935
300,Severe,2021-04-20,-118.0581176,34.03974852,df933dc6-cf89-4ea6-abd6-d8eb69f71c94
301,Moderate,2021-05-05,-118.06206,34.0403555,b3db5789-cb60-44c4-a0a4-8f9649f6e446
302,Severe,2021-05-05,-118.0614297,34.04002895,b88cf7d5-421f-4b82-b2f3-db49b5baa5bd
303,Moderate,2021-05-05,-118.0611716,34.03989833,fa844731-9eaf-47bb-bb7c-26f2d0fc8484
304,Severe,2021-05-05,-118.0602501,34.03983169,0265f4fe-23c8-46b5-b87a-091a818788fd
305,Moderate,2021-05-05,-118.0602351,34.03977439,6c29f539-5141-4ee5-950e-536b76a511d6
306,Severe,2021-05-05,-118.0603558,34.03957754,93e19a98-76bf-4d25-afc0-710297c5a758
307,Moderate,2021-05-05,-118.0599178,34.03990044,9f67ccc1-83b8-46cc-908c-a17ac8eaf925
308,Severe,2021-05-05,-118.0594325,34.03889305,76e3cd8a-94ed-47a3-8581-52209a992655
309,Severe,2021-05-05,-118.0594174,34.03882496,bfd4486b-b48e-4fb4-8434-89000a3a0741
310,Moderate,2021-05-05,-118.0594042,34.03879832,4f198883-f75b-49a5-9e43-a65608268e69
311,Severe,2021-05-05,-118.0584981,34.03931461,9978dbcd-d26a-4217-99ab-d3206e8ce5bb
312,Heavy,2021-07-12,-118.0545804,34.03891335,0f069e2e-5c22-4a27-9163-b8f59c49a769
313,Severe,2021-07-12,-118.0554658,34.03855667,3b400ad4-f10e-4f3a-a3ce-d78f2ab8ebef
314,Severe,2021-07-12,-118.0562668,34.03889463,ff0451ee-696c-44f6-9ff9-e0f56cd37e39
315,Moderate,2021-07-12,-118.056421,34.03902901,6230be66-08b4-4218-9368-a88f1800d29f
316,Severe,2021-07-12,-118.0565531,34.03879756,122d560b-c609-4ffb-be3f-91ee685d5e10
317,Heavy,2021-07-13,-118.0557996,34.03937226,cecc8334-75ed-4a9b-a009-040e86cabc23
318,Severe,2021-07-13,-118.0557044,34.03931944,f1c4a742-a9b5-453c-819a-800f5cf28434
319,Severe,2021-07-13,-118.0585547,34.03997819,9de80f53-8aa8-461f-89ab-4ea3fde55c7a
320,Severe,2021-07-19,-118.0600158,34.03710627,fe65dd81-24a2-4b15-a0be-33fc47bd7fe6
321,Heavy,2021-07-19,-118.0599778,34.036874,d8055ece-5353-43a8-8be4-663ae16301e5
322,Moderate,2021-07-19,-118.0607411,34.03639676,a04b89fc-c48d-4d34-a768-555e3efb43d7
323,Moderate,2021-07-19,-118.0610903,34.0363338,aff99e86-d74e-492d-aab2-7e57f2907834
324,Low,2021-07-19,-118.0618316,34.03614549,4c6fe9db-5a8d-489e-9d37-543361a31c61
325,Severe,2021-07-19,-118.0622946,34.03619056,5d41426c-ea70-4c07-a5b0-428576df6c7d
326,Severe,2021-07-19,-118.0613439,34.03651841,b03fe298-d597-441d-8c17-7b5d798f60ec
327,Low,2021-07-19,-118.061069,34.03651536,718d7ba4-71fb-4986-b543-f5ec587543f6
328,Low,2021-07-19,-118.0644536,34.03404728,bcc05dc9-1401-4237-bd72-1e9b4c4b3cfc
329,Moderate,2021-07-20,-118.064756,34.03342598,c681cb00-b796-4e6c-8f4c-06a06efba15e
330,Moderate,2021-07-20,-118.059168,34.03187161,1127f735-6004-48c4-8860-92588f77f5dc
331,Heavy,2021-07-20,-118.0589403,34.03166581,e17e0e28-aba0-4707-babb-69c8d7ee6dc1
332,Moderate,2021-07-20,-118.0579098,34.03108899,2804b435-d33e-498b-9c6e-b6b8fd8788d2
333,Moderate,2021-07-20,-118.0557901,34.03071764,2768000f-fbe6-423e-aeac-92436fa1762d
334,Severe,2021-07-27,-118.0572345,34.0354373,9f8931f6-746d-4a2f-b411-da85ee5536ee
335,Heavy,2021-07-27,-118.0556077,34.03504833,1b1c9dab-0d0d-46d3-b543-f17385e7ddb3
336,Moderate,2021-07-27,-118.0544114,34.03404796,361d6de1-730a-448a-8d23-e6f571cf763e
337,Severe,2021-07-27,-118.0542773,34.03415245,896f1fbd-a9aa-4d03-8138-d829de4923ea
338,Severe,2021-07-27,-118.0542166,34.03407882,d6e67284-7a66-44c8-b9ec-62bf2e52a451
339,Low,2021-07-27,-118.055204,34.03294659,fda0768d-6a3b-48b7-a53f-70e3bb507586
340,Severe,2021-07-27,-118.0551047,34.03287553,535dba13-b371-437a-a3d7-630689a9b87c
341,Moderate,2021-07-27,-118.0561171,34.03255291,edaa41be-8729-4061-a902-dd444202b226
342,Severe,2021-07-27,-118.05643,34.03209966,edc33037-6056-4067-aa3b-1eff5ae87e60
343,Severe,2021-07-28,-118.0943672,33.83578965,7e1ad6e3-af66-4e0a-868a-3c285143f582
344,Severe,2021-07-28,-118.0943235,33.83585768,7976f860-b57c-4257-a5f6-95c539e64898
345,Severe,2021-07-28,-118.0943346,33.8359515,edaaa758-abfa-4c57-954e-25237bc5584e
346,Severe,2021-07-28,-118.0944104,33.8359082,c3f2585d-10d5-42a3-930b-3cc3200dca1f
347,Severe,2021-07-28,-118.0944104,33.8359082,3294c95e-c698-4ff8-964d-91929d4f6520
348,Severe,2021-07-28,-118.0944107,33.83599116,3d774f25-b355-44c5-8839-e9a3c0fbd7be
349,Severe,2021-07-28,-118.094636,33.83691436,14aa3cf6-007f-4d1c-a299-e875afcaeb32
350,Severe,2021-07-28,-118.0946918,33.83699384,fc45beb7-bd71-498a-8c26-bb598ade7391
351,Severe,2021-07-28,-118.0950867,33.83812367,2a559ee1-917b-4984-96d8-34a2e8fb928c
352,Severe,2021-07-28,-118.0952255,33.83810769,194bfc23-d063-4f50-80bf-446a0e35af86
353,Severe,2021-07-28,-118.0954011,33.83877703,9ae0b0ed-57eb-4b69-868e-ba53ca9aaf0d
354,Severe,2021-08-02,-118.0961426,33.84023654,d4b0d09f-aee8-49a0-ad8c-b69fa1b34736
355,Severe,2021-08-02,-118.0961634,33.84038265,8c622573-996e-4505-b114-2011ddc5d84c
356,Severe,2021-08-02,-118.0960978,33.84032233,cbb95a21-03e2-42cd-9524-c9b397500ea5
357,Severe,2021-08-02,-118.0962826,33.84050693,d45e8fe6-d7d2-43c9-8ae1-d26d4bacacd8
358,Severe,2021-08-03,-118.0518846,34.03202915,edd9564e-ae06-488b-a6ed-c3ed5e7c9c1e
359,Moderate,2021-08-03,-118.052097,34.0320367,80c2f74d-4b9c-4cd5-8132-47049620ca2a
360,Low,2021-08-03,-118.0526744,34.032909,901cc306-1672-438e-8ff5-6db16f92539f
361,Moderate,2021-08-03,-118.0528464,34.03321934,de9f1bc1-4c54-4720-ac6f-0d24a2e32f5d
362,Severe,2021-08-09,-118.0520459,34.03473135,98a85ade-6ed1-44f3-a396-ef3b6f1a79a4
363,Severe,2021-08-09,-118.0521387,34.03482902,11100695-c726-4256-aa45-f038dfbfb592
364,Moderate,2021-08-09,-118.0518587,34.03516203,f2935adb-e379-4f33-b910-db5fc754a00f
365,Severe,2021-08-09,-118.0521135,34.03530384,9cdd763d-2b0f-4aa3-ae7d-f0dc6d6e8284
366,Severe,2021-08-09,-118.052809,34.0354372,dfac2df2-1267-48e7-a5bd-5cd4cfd05719
367,Moderate,2021-08-09,-118.051508,34.03566428,66c43757-21f6-49d3-ac28-9238627d6ad2
368,Severe,2021-08-16,-118.0507388,34.03718277,c813ae1e-eab1-4ada-abc5-76252569833e
369,Severe,2021-08-16,-118.0499031,34.03556733,66410999-0def-4220-8e1a-7e702f323a30
370,Unknown,2021-08-16,-118.0488359,34.03496559,c0764097-21da-496f-8b08-2b4b38bfbed1
371,Moderate,2021-08-16,-118.0495688,34.03462833,604abbc6-271c-4fee-b83c-74052481f4aa
372,Severe,2021-08-16,-118.0491503,34.033818,7665b4e5-29f9-4b78-b288-8886a805733b
373,Severe,2021-08-16,-118.048478,34.033429,4bb1fe1c-f63d-4345-8782-54506f860a5b
374,Severe,2021-08-19,-118.0446406,34.03466288,839a8fb9-7dfa-48a9-ba1b-23fa1cd9092e
375,Severe,2021-08-19,-118.0449816,34.03441686,1023e74c-c509-4227-a5ff-fa82354d0d6c
376,Unknown,2021-08-19,-118.0448071,34.034282,dc0696ad-e3a2-439c-a9ed-dd649fa968fd
377,Moderate,2021-09-20,-118.1723905,34.19391868,67c03901-fae4-4cb3-9fe8-f3b400d34549
378,Heavy,2021-09-20,-118.1752299,34.1916586,ba08fcbd-affc-401c-8eb9-14769f193664
379,Low,2021-09-21,-118.063151,34.03935006,3bf8565a-bcb5-4452-9f72-0ddc38b67150
380,Severe,2021-09-27,-118.1744484,34.19321886,8738c68c-524b-4a40-b383-4d5661903adc
381,Severe,2021-09-29,-118.1740602,34.19324788,039d5cd9-edee-4146-8deb-487530bbd11b
382,Moderate,2021-10-13,-118.1769705,34.18804159,7db72147-3aea-4197-aa5e-47c9cb16b7b3
383,Moderate,2021-10-20,-118.1758144,34.19082533,bd621b5a-685f-4f92-aa4b-01538ad98a69
384,Moderate,2021-10-20,-118.1771497,34.18972835,5e6a2190-f784-46f2-94aa-f292301b72d9
385,Low,2021-10-27,-118.1773353,34.18863493,68f372f8-00b0-437d-acf3-afa5909af8f9
386,Moderate,2021-10-27,-118.1772683,34.1878612,1b31b7ac-855c-4845-be94-673e37f9c32a
387,Moderate,2021-10-27,-118.1771122,34.1876709,a47332a1-ec97-4e1b-8c0d-0b0af5c747af
388,Heavy,2021-12-14,-118.170929,34.1912513,1ef18b76-a67d-4d70-8587-63091e84e159
389,Low,2021-06-17,-118.627802,34.105289,e3f16d85-94cb-4866-a78b-43c65505f44f
390,Low,2021-06-17,-118.524877,34.182132,d0128dc2-2f48-4fb9-9d2f-286c9549098b
391,Low,2021-07-26,-118.46143,34.07797,82a5a842-880b-4e8c-ae7d-97706f3fad94
392,Low,2021-07-26,-118.43494,34.074821,89164cac-d13e-456f-bc30-97eb1b13b54c
393,Low,2021-07-26,-118.268134,34.102043,819458b4-efe9-40d0-9249-8ee6dae6df63
394,Severe,2021-07-26,-118.429405,34.072909,08ec0f3a-9449-4ca5-a17e-20277aaa0c76
395,Severe,2021-07-26,-118.394455,34.144486,b54de5bf-6443-495f-95c3-3a32d328e417
396,Low,2021-07-26,-118.640231,34.150446,9afe0f5a-83f2-46f9-bd99-43e6f3123368
397,Low,2021-07-26,-118.317065,34.106736,3709c2f7-61e7-44c8-8f18-649bead5853f
398,Low,2021-07-26,-118.350077,34.080652,35a3b61d-9cb6-4043-9900-71665e3952c4
399,Severe,2021-07-26,-118.108295,33.864136,71603a34-c3cf-45d0-9eda-2edf78c09ba7
400,Moderate,2021-07-26,-118.81317,34.025911,bc0ceba1-cb66-44d6-87a8-5214e28a088f
401,Severe,2021-07-26,-118.258478,34.226101,97325c04-956b-4d58-a59a-5786ec4542a9
402,Severe,2021-07-26,-118.426867,34.170992,c6b3e09f-4e82-43aa-83b1-a8a389b62dec
403,Moderate,2021-07-26,-118.629212,34.110657,b2c55266-9c4a-4341-bd3d-5f2a4bb4b859
404,Moderate,2021-07-26,-118.395352,34.146302,b1de0863-cd18-4c40-b3b2-212e7d1c2a5c
405,Heavy,2020-12-30,-118.203401,34.100101,83efaadb-7547-4fb7-bb79-f37a0bae6069
406,Low,2020-12-17,-118.739033,34.146581,8f3793ce-49d0-4b3e-9482-f5076c012081
407,Heavy,2020-12-17,-118.6162933,34.144019,5cfafb12-5ce4-4954-8922-c781c16f52b9
408,Severe,2020-12-17,-117.806749,34.111714,9e3c1c9d-4eca-488c-8893-aba1a977c7e5
409,Low,2020-12-17,-118.710833,34.142722,e499a749-000a-4323-b26d-121528f5821c
