,satelite_type,sensor_type,satelite_number,processing_correction_level,wrs_path,wrs_row,acquisition_date,processing_date,collection_number,collection_category,folder_name
0,L,C,09,L2SP,041,037,2022-03-11,2022-03-13,02,T1,LC09_L2SP_041037_20220311_20220313_02_T1
1,L,C,09,L2SP,042,036,2021-12-12,2022-01-20,02,T1,LC09_L2SP_042036_20211212_20220120_02_T1
2,L,C,09,L2SP,042,036,2021-12-28,2022-01-21,02,T1,LC09_L2SP_042036_20211228_20220121_02_T1
3,L,C,09,L2SP,042,036,2022-02-14,2022-02-16,02,T1,LC09_L2SP_042036_20220214_20220216_02_T1
4,L,C,09,L2SP,042,036,2022-03-02,2022-03-04,02,T1,LC09_L2SP_042036_20220302_20220304_02_T1
5,L,C,08,L2SP,042,036,2021-05-26,2021-05-29,02,T1,LC08_L2SP_042036_20210526_20210529_02_T1
6,L,C,08,L2SP,042,036,2021-06-11,2021-06-22,02,T1,LC08_L2SP_042036_20210611_20210622_02_T1
7,L,C,08,L2SP,042,036,2021-06-27,2021-07-07,02,T1,LC08_L2SP_042036_20210627_20210707_02_T1
8,L,C,08,L2SP,042,036,2021-07-29,2021-08-04,02,T1,LC08_L2SP_042036_20210729_20210804_02_T1
9,L,C,08,L2SP,042,036,2021-10-01,2021-10-13,02,T1,LC08_L2SP_042036_20211001_20211013_02_T1
10,L,C,08,L2SP,042,036,2021-10-17,2021-10-26,02,T1,LC08_L2SP_042036_20211017_20211026_02_T1
11,L,C,08,L2SP,042,036,2021-11-02,2021-11-09,02,T1,LC08_L2SP_042036_20211102_20211109_02_T1
12,L,C,08,L2SP,042,036,2022-01-05,2022-01-14,02,T1,LC08_L2SP_042036_20220105_20220114_02_T1
13,L,C,08,L2SP,042,036,2022-01-21,2022-01-28,02,T1,LC08_L2SP_042036_20220121_20220128_02_T1
14,L,C,08,L2SP,042,036,2022-02-06,2022-02-12,02,T1,LC08_L2SP_042036_20220206_20220212_02_T1
15,L,C,09,L2SP,040,036,2021-11-23,2022-01-20,02,T1,LC09_L2SP_040036_20211123_20220120_02_T1
16,L,C,09,L2SP,040,036,2022-02-16,2022-02-25,02,T1,LC09_L2SP_040036_20220216_20220225_02_T1
17,L,C,09,L2SP,040,037,2021-11-23,2022-01-20,02,T1,LC09_L2SP_040037_20211123_20220120_02_T1
18,L,C,09,L2SP,040,037,2021-12-14,2022-01-20,02,T2,LC09_L2SP_040037_20211214_20220120_02_T2
19,L,C,09,L2SP,040,037,2022-02-16,2022-02-25,02,T1,LC09_L2SP_040037_20220216_20220225_02_T1
20,L,C,09,L2SP,041,036,2021-12-05,2022-01-20,02,T1,LC09_L2SP_041036_20211205_20220120_02_T1
21,L,C,09,L2SP,041,036,2022-01-06,2022-01-22,02,T1,LC09_L2SP_041036_20220106_20220122_02_T1
22,L,C,09,L2SP,041,036,2022-01-22,2022-01-24,02,T1,LC09_L2SP_041036_20220122_20220124_02_T1
23,L,C,09,L2SP,041,036,2022-02-07,2022-02-09,02,T1,LC09_L2SP_041036_20220207_20220209_02_T1
24,L,C,09,L2SP,041,036,2022-03-11,2022-03-13,02,T1,LC09_L2SP_041036_20220311_20220313_02_T1
25,L,C,09,L2SP,041,037,2021-12-05,2022-01-20,02,T1,LC09_L2SP_041037_20211205_20220120_02_T1
26,L,C,09,L2SP,041,037,2022-01-06,2022-01-22,02,T1,LC09_L2SP_041037_20220106_20220122_02_T1
27,L,C,09,L2SP,041,037,2022-01-22,2022-01-24,02,T1,LC09_L2SP_041037_20220122_20220124_02_T1
28,L,C,09,L2SP,041,037,2022-02-07,2022-02-09,02,T1,LC09_L2SP_041037_20220207_20220209_02_T1
29,L,C,09,L2SP,041,037,2022-02-23,2022-02-25,02,T1,LC09_L2SP_041037_20220223_20220225_02_T1
30,L,C,08,L2SP,040,036,2013-04-20,2020-09-13,02,T1,LC08_L2SP_040036_20130420_20200913_02_T1
31,L,C,08,L2SP,040,036,2013-05-22,2020-09-13,02,T1,LC08_L2SP_040036_20130522_20200913_02_T1
32,L,C,08,L2SP,040,036,2013-06-07,2020-09-13,02,T1,LC08_L2SP_040036_20130607_20200913_02_T1
33,L,C,08,L2SP,040,036,2013-06-23,2020-09-12,02,T1,LC08_L2SP_040036_20130623_20200912_02_T1
34,L,C,08,L2SP,040,036,2013-07-25,2020-09-12,02,T1,LC08_L2SP_040036_20130725_20200912_02_T1
35,L,C,08,L2SP,040,036,2013-09-11,2020-09-12,02,T1,LC08_L2SP_040036_20130911_20200912_02_T1
36,L,C,08,L2SP,040,036,2013-09-27,2020-09-12,02,T1,LC08_L2SP_040036_20130927_20200912_02_T1
37,L,C,08,L2SP,040,036,2013-10-13,2020-09-13,02,T1,LC08_L2SP_040036_20131013_20200913_02_T1
38,L,C,08,L2SP,040,036,2013-10-29,2020-09-12,02,T1,LC08_L2SP_040036_20131029_20200912_02_T1
39,L,C,08,L2SP,040,036,2013-11-14,2020-09-12,02,T1,LC08_L2SP_040036_20131114_20200912_02_T1
40,L,C,08,L2SP,040,036,2013-11-30,2020-09-12,02,T1,LC08_L2SP_040036_20131130_20200912_02_T1
41,L,C,08,L2SP,040,036,2013-12-16,2020-09-12,02,T1,LC08_L2SP_040036_20131216_20200912_02_T1
42,L,C,08,L2SP,040,036,2014-01-01,2020-09-12,02,T1,LC08_L2SP_040036_20140101_20200912_02_T1
43,L,C,08,L2SP,040,036,2014-01-17,2020-09-12,02,T1,LC08_L2SP_040036_20140117_20200912_02_T1
44,L,C,08,L2SP,040,036,2014-02-18,2020-09-11,02,T1,LC08_L2SP_040036_20140218_20200911_02_T1
45,L,C,08,L2SP,040,036,2014-03-06,2020-09-11,02,T1,LC08_L2SP_040036_20140306_20200911_02_T1
46,L,C,08,L2SP,040,036,2014-03-22,2020-09-11,02,T1,LC08_L2SP_040036_20140322_20200911_02_T1
47,L,C,08,L2SP,040,036,2014-04-07,2020-09-11,02,T1,LC08_L2SP_040036_20140407_20200911_02_T1
48,L,C,08,L2SP,040,036,2014-04-23,2020-09-11,02,T1,LC08_L2SP_040036_20140423_20200911_02_T1
49,L,C,08,L2SP,040,036,2014-05-25,2020-09-11,02,T1,LC08_L2SP_040036_20140525_20200911_02_T1
50,L,C,08,L2SP,040,036,2014-06-10,2020-09-11,02,T1,LC08_L2SP_040036_20140610_20200911_02_T1
51,L,C,08,L2SP,040,036,2014-07-12,2020-09-11,02,T1,LC08_L2SP_040036_20140712_20200911_02_T1
52,L,C,08,L2SP,040,036,2014-08-13,2020-09-11,02,T1,LC08_L2SP_040036_20140813_20200911_02_T1
53,L,C,08,L2SP,040,036,2014-08-29,2020-09-11,02,T1,LC08_L2SP_040036_20140829_20200911_02_T1
54,L,C,08,L2SP,040,036,2014-09-14,2020-09-10,02,T1,LC08_L2SP_040036_20140914_20200910_02_T1
55,L,C,08,L2SP,040,036,2014-09-30,2020-09-10,02,T1,LC08_L2SP_040036_20140930_20200910_02_T1
56,L,C,08,L2SP,040,036,2014-10-16,2020-09-10,02,T1,LC08_L2SP_040036_20141016_20200910_02_T1
57,L,C,08,L2SP,040,036,2014-11-01,2020-09-10,02,T1,LC08_L2SP_040036_20141101_20200910_02_T1
58,L,C,08,L2SP,040,036,2014-11-17,2020-09-10,02,T1,LC08_L2SP_040036_20141117_20200910_02_T1
59,L,C,08,L2SP,040,036,2014-12-19,2020-09-10,02,T1,LC08_L2SP_040036_20141219_20200910_02_T1
60,L,C,08,L2SP,040,036,2015-01-04,2020-09-10,02,T1,LC08_L2SP_040036_20150104_20200910_02_T1
61,L,C,08,L2SP,040,036,2015-02-05,2020-09-09,02,T1,LC08_L2SP_040036_20150205_20200909_02_T1
62,L,C,08,L2SP,040,036,2015-02-21,2020-09-10,02,T1,LC08_L2SP_040036_20150221_20200910_02_T1
63,L,C,08,L2SP,040,036,2015-03-09,2020-09-10,02,T1,LC08_L2SP_040036_20150309_20200910_02_T1
64,L,C,08,L2SP,040,036,2015-03-25,2020-09-09,02,T1,LC08_L2SP_040036_20150325_20200909_02_T1
65,L,C,08,L2SP,040,036,2015-05-12,2020-10-15,02,T1,LC08_L2SP_040036_20150512_20201015_02_T1
66,L,C,08,L2SP,040,036,2015-05-28,2020-09-09,02,T1,LC08_L2SP_040036_20150528_20200909_02_T1
67,L,C,08,L2SP,040,036,2015-06-13,2020-09-09,02,T1,LC08_L2SP_040036_20150613_20200909_02_T1
68,L,C,08,L2SP,040,036,2015-06-29,2020-09-09,02,T1,LC08_L2SP_040036_20150629_20200909_02_T1
69,L,C,08,L2SP,040,036,2015-07-15,2020-09-08,02,T1,LC08_L2SP_040036_20150715_20200908_02_T1
70,L,C,08,L2SP,040,036,2015-07-31,2020-09-09,02,T1,LC08_L2SP_040036_20150731_20200909_02_T1
71,L,C,08,L2SP,040,036,2015-08-16,2020-09-08,02,T1,LC08_L2SP_040036_20150816_20200908_02_T1
72,L,C,08,L2SP,040,036,2015-09-01,2020-09-08,02,T1,LC08_L2SP_040036_20150901_20200908_02_T1
73,L,C,08,L2SP,040,036,2015-09-17,2020-09-08,02,T1,LC08_L2SP_040036_20150917_20200908_02_T1
74,L,C,08,L2SP,040,036,2015-10-03,2020-09-08,02,T1,LC08_L2SP_040036_20151003_20200908_02_T1
75,L,C,08,L2SP,040,036,2015-11-20,2020-09-08,02,T1,LC08_L2SP_040036_20151120_20200908_02_T1
76,L,C,08,L2SP,040,036,2016-02-08,2020-09-07,02,T1,LC08_L2SP_040036_20160208_20200907_02_T1
77,L,C,08,L2SP,040,036,2016-02-24,2020-09-07,02,T1,LC08_L2SP_040036_20160224_20200907_02_T1
78,L,C,08,L2SP,040,036,2016-03-27,2020-09-07,02,T1,LC08_L2SP_040036_20160327_20200907_02_T1
79,L,C,08,L2SP,040,036,2016-04-12,2020-09-07,02,T1,LC08_L2SP_040036_20160412_20200907_02_T1
80,L,C,08,L2SP,040,036,2016-05-14,2020-09-07,02,T1,LC08_L2SP_040036_20160514_20200907_02_T1
81,L,C,08,L2SP,040,036,2016-05-30,2020-09-06,02,T1,LC08_L2SP_040036_20160530_20200906_02_T1
82,L,C,08,L2SP,040,036,2016-06-15,2020-09-06,02,T1,LC08_L2SP_040036_20160615_20200906_02_T1
83,L,C,08,L2SP,040,036,2016-08-02,2020-09-06,02,T1,LC08_L2SP_040036_20160802_20200906_02_T1
84,L,C,08,L2SP,040,036,2016-08-18,2020-09-06,02,T1,LC08_L2SP_040036_20160818_20200906_02_T1
85,L,C,08,L2SP,040,036,2016-09-03,2020-09-06,02,T1,LC08_L2SP_040036_20160903_20200906_02_T1
86,L,C,08,L2SP,040,036,2016-09-19,2020-09-06,02,T1,LC08_L2SP_040036_20160919_20200906_02_T1
87,L,C,08,L2SP,040,036,2016-10-05,2020-09-06,02,T1,LC08_L2SP_040036_20161005_20200906_02_T1
88,L,C,08,L2SP,040,036,2016-10-21,2020-09-05,02,T1,LC08_L2SP_040036_20161021_20200905_02_T1
89,L,C,08,L2SP,040,036,2016-11-06,2020-09-05,02,T1,LC08_L2SP_040036_20161106_20200905_02_T1
90,L,C,08,L2SP,040,036,2016-11-22,2020-09-05,02,T1,LC08_L2SP_040036_20161122_20200905_02_T1
91,L,C,08,L2SP,040,036,2016-12-08,2020-09-05,02,T1,LC08_L2SP_040036_20161208_20200905_02_T1
92,L,C,08,L2SP,040,036,2017-01-25,2020-09-05,02,T1,LC08_L2SP_040036_20170125_20200905_02_T1
93,L,C,08,L2SP,040,036,2017-03-14,2020-09-04,02,T1,LC08_L2SP_040036_20170314_20200904_02_T1
94,L,C,08,L2SP,040,036,2017-03-30,2020-09-04,02,T1,LC08_L2SP_040036_20170330_20200904_02_T1
95,L,C,08,L2SP,040,036,2017-04-15,2020-09-04,02,T1,LC08_L2SP_040036_20170415_20200904_02_T1
96,L,C,08,L2SP,040,036,2017-05-01,2020-09-04,02,T1,LC08_L2SP_040036_20170501_20200904_02_T1
97,L,C,08,L2SP,040,036,2017-06-02,2020-09-03,02,T1,LC08_L2SP_040036_20170602_20200903_02_T1
98,L,C,08,L2SP,040,036,2017-07-04,2020-09-03,02,T1,LC08_L2SP_040036_20170704_20200903_02_T1
99,L,C,08,L2SP,040,036,2017-07-20,2020-09-03,02,T1,LC08_L2SP_040036_20170720_20200903_02_T1
100,L,C,08,L2SP,040,036,2017-08-05,2020-09-03,02,T1,LC08_L2SP_040036_20170805_20200903_02_T1
101,L,C,08,L2SP,040,036,2017-08-21,2020-09-03,02,T1,LC08_L2SP_040036_20170821_20200903_02_T1
102,L,C,08,L2SP,040,036,2017-09-06,2020-09-03,02,T1,LC08_L2SP_040036_20170906_20200903_02_T1
103,L,C,08,L2SP,040,036,2017-09-22,2020-09-03,02,T1,LC08_L2SP_040036_20170922_20200903_02_T1
104,L,C,08,L2SP,040,036,2017-10-08,2020-09-03,02,T1,LC08_L2SP_040036_20171008_20200903_02_T1
105,L,C,08,L2SP,040,036,2017-10-24,2020-09-02,02,T1,LC08_L2SP_040036_20171024_20200902_02_T1
106,L,C,08,L2SP,040,036,2017-11-09,2020-09-02,02,T1,LC08_L2SP_040036_20171109_20200902_02_T1
107,L,C,08,L2SP,040,036,2017-11-25,2020-09-02,02,T1,LC08_L2SP_040036_20171125_20200902_02_T1
108,L,C,08,L2SP,040,036,2017-12-27,2020-09-02,02,T1,LC08_L2SP_040036_20171227_20200902_02_T1
109,L,C,08,L2SP,040,036,2018-01-12,2020-09-02,02,T1,LC08_L2SP_040036_20180112_20200902_02_T1
110,L,C,08,L2SP,040,036,2018-01-28,2020-09-02,02,T1,LC08_L2SP_040036_20180128_20200902_02_T1
111,L,C,08,L2SP,040,036,2018-02-13,2020-09-02,02,T1,LC08_L2SP_040036_20180213_20200902_02_T1
112,L,C,08,L2SP,040,036,2018-03-17,2020-09-01,02,T1,LC08_L2SP_040036_20180317_20200901_02_T1
113,L,C,08,L2SP,040,036,2018-04-02,2020-09-01,02,T1,LC08_L2SP_040036_20180402_20200901_02_T1
114,L,C,08,L2SP,040,036,2018-04-18,2020-09-01,02,T1,LC08_L2SP_040036_20180418_20200901_02_T1
115,L,C,08,L2SP,040,036,2018-05-04,2020-09-01,02,T1,LC08_L2SP_040036_20180504_20200901_02_T1
116,L,C,08,L2SP,040,036,2018-06-05,2020-08-31,02,T1,LC08_L2SP_040036_20180605_20200831_02_T1
117,L,C,08,L2SP,040,036,2018-06-21,2020-08-31,02,T1,LC08_L2SP_040036_20180621_20200831_02_T1
118,L,C,08,L2SP,040,036,2018-07-07,2020-08-31,02,T1,LC08_L2SP_040036_20180707_20200831_02_T1
119,L,C,08,L2SP,040,036,2018-07-23,2020-08-31,02,T1,LC08_L2SP_040036_20180723_20200831_02_T1
120,L,C,08,L2SP,040,036,2018-08-08,2020-08-31,02,T1,LC08_L2SP_040036_20180808_20200831_02_T1
121,L,C,08,L2SP,040,036,2018-08-24,2020-08-31,02,T1,LC08_L2SP_040036_20180824_20200831_02_T1
122,L,C,08,L2SP,040,036,2018-09-09,2020-08-30,02,T1,LC08_L2SP_040036_20180909_20200830_02_T1
123,L,C,08,L2SP,040,036,2018-09-25,2020-08-30,02,T1,LC08_L2SP_040036_20180925_20200830_02_T1
124,L,C,08,L2SP,040,036,2018-10-11,2020-08-30,02,T1,LC08_L2SP_040036_20181011_20200830_02_T1
125,L,C,08,L2SP,040,036,2018-10-27,2020-08-30,02,T1,LC08_L2SP_040036_20181027_20200830_02_T1
126,L,C,08,L2SP,040,036,2018-11-12,2020-08-30,02,T1,LC08_L2SP_040036_20181112_20200830_02_T1
127,L,C,08,L2SP,040,036,2018-11-28,2020-08-30,02,T1,LC08_L2SP_040036_20181128_20200830_02_T1
128,L,C,08,L2SP,040,036,2018-12-30,2020-08-30,02,T1,LC08_L2SP_040036_20181230_20200830_02_T1
129,L,C,08,L2SP,040,036,2019-03-04,2020-08-29,02,T1,LC08_L2SP_040036_20190304_20200829_02_T1
130,L,C,08,L2SP,040,036,2019-04-05,2020-08-29,02,T1,LC08_L2SP_040036_20190405_20200829_02_T1
131,L,C,08,L2SP,040,036,2019-04-21,2020-08-29,02,T1,LC08_L2SP_040036_20190421_20200829_02_T1
132,L,C,08,L2SP,040,036,2019-05-07,2020-08-28,02,T1,LC08_L2SP_040036_20190507_20200828_02_T1
133,L,C,08,L2SP,040,036,2019-06-24,2020-08-27,02,T1,LC08_L2SP_040036_20190624_20200827_02_T1
134,L,C,08,L2SP,040,036,2019-07-10,2020-08-27,02,T1,LC08_L2SP_040036_20190710_20200827_02_T1
135,L,C,08,L2SP,040,036,2019-07-26,2020-08-27,02,T1,LC08_L2SP_040036_20190726_20200827_02_T1
136,L,C,08,L2SP,040,036,2019-08-11,2020-08-27,02,T1,LC08_L2SP_040036_20190811_20200827_02_T1
137,L,C,08,L2SP,040,036,2019-09-12,2020-08-26,02,T1,LC08_L2SP_040036_20190912_20200826_02_T1
138,L,C,08,L2SP,040,036,2019-09-28,2020-08-25,02,T1,LC08_L2SP_040036_20190928_20200825_02_T1
139,L,C,08,L2SP,040,036,2019-10-14,2020-08-25,02,T1,LC08_L2SP_040036_20191014_20200825_02_T1
140,L,C,08,L2SP,040,036,2019-10-30,2020-08-25,02,T1,LC08_L2SP_040036_20191030_20200825_02_T1
141,L,C,08,L2SP,040,036,2019-11-15,2020-08-25,02,T1,LC08_L2SP_040036_20191115_20200825_02_T1
142,L,C,08,L2SP,040,036,2020-01-18,2020-08-23,02,T1,LC08_L2SP_040036_20200118_20200823_02_T1
143,L,C,08,L2SP,040,036,2020-02-03,2020-08-23,02,T1,LC08_L2SP_040036_20200203_20200823_02_T1
144,L,C,08,L2SP,040,036,2020-02-19,2020-08-22,02,T1,LC08_L2SP_040036_20200219_20200822_02_T1
145,L,C,08,L2SP,040,036,2020-04-23,2020-08-22,02,T1,LC08_L2SP_040036_20200423_20200822_02_T1
146,L,C,08,L2SP,040,036,2020-05-09,2020-08-20,02,T1,LC08_L2SP_040036_20200509_20200820_02_T1
147,L,C,08,L2SP,040,036,2020-05-25,2020-08-20,02,T1,LC08_L2SP_040036_20200525_20200820_02_T1
148,L,C,08,L2SP,040,036,2020-06-10,2020-08-24,02,T1,LC08_L2SP_040036_20200610_20200824_02_T1
149,L,C,08,L2SP,040,036,2020-06-26,2020-08-24,02,T1,LC08_L2SP_040036_20200626_20200824_02_T1
150,L,C,08,L2SP,040,036,2020-07-12,2020-09-12,02,T1,LC08_L2SP_040036_20200712_20200912_02_T1
151,L,C,08,L2SP,040,036,2020-07-28,2020-09-08,02,T1,LC08_L2SP_040036_20200728_20200908_02_T1
152,L,C,08,L2SP,040,036,2020-08-29,2020-09-06,02,T1,LC08_L2SP_040036_20200829_20200906_02_T1
153,L,C,08,L2SP,040,036,2020-09-14,2020-09-19,02,T1,LC08_L2SP_040036_20200914_20200919_02_T1
154,L,C,08,L2SP,040,036,2020-09-30,2020-10-07,02,T1,LC08_L2SP_040036_20200930_20201007_02_T1
155,L,C,08,L2SP,040,036,2020-10-16,2020-11-05,02,T1,LC08_L2SP_040036_20201016_20201105_02_T1
156,L,C,08,L2SP,040,036,2020-11-17,2021-03-15,02,T1,LC08_L2SP_040036_20201117_20210315_02_T1
157,L,C,08,L2SP,040,036,2020-12-03,2021-03-13,02,T1,LC08_L2SP_040036_20201203_20210313_02_T1
158,L,C,08,L2SP,040,036,2020-12-19,2021-03-10,02,T1,LC08_L2SP_040036_20201219_20210310_02_T1
159,L,C,08,L2SP,040,036,2021-01-04,2021-03-09,02,T1,LC08_L2SP_040036_20210104_20210309_02_T1
160,L,C,08,L2SP,040,036,2021-02-05,2021-03-02,02,T1,LC08_L2SP_040036_20210205_20210302_02_T1
161,L,C,08,L2SP,040,036,2021-02-21,2021-03-03,02,T1,LC08_L2SP_040036_20210221_20210303_02_T1
162,L,C,08,L2SP,040,036,2021-03-25,2021-04-02,02,T1,LC08_L2SP_040036_20210325_20210402_02_T1
163,L,C,08,L2SP,040,036,2021-04-10,2021-04-16,02,T1,LC08_L2SP_040036_20210410_20210416_02_T1
164,L,C,08,L2SP,040,036,2021-05-28,2021-06-08,02,T1,LC08_L2SP_040036_20210528_20210608_02_T1
165,L,C,08,L2SP,040,036,2021-06-13,2021-06-22,02,T1,LC08_L2SP_040036_20210613_20210622_02_T1
166,L,C,08,L2SP,040,036,2021-07-31,2021-08-10,02,T1,LC08_L2SP_040036_20210731_20210810_02_T1
167,L,C,08,L2SP,040,036,2021-08-16,2021-08-27,02,T1,LC08_L2SP_040036_20210816_20210827_02_T1
168,L,C,08,L2SP,040,036,2021-09-01,2021-09-09,02,T1,LC08_L2SP_040036_20210901_20210909_02_T1
169,L,C,08,L2SP,040,036,2021-09-17,2021-09-25,02,T1,LC08_L2SP_040036_20210917_20210925_02_T1
170,L,C,08,L2SP,040,036,2021-10-03,2021-10-13,02,T1,LC08_L2SP_040036_20211003_20211013_02_T1
171,L,C,08,L2SP,040,036,2021-11-04,2021-11-16,02,T1,LC08_L2SP_040036_20211104_20211116_02_T1
172,L,C,08,L2SP,040,036,2021-11-20,2021-11-30,02,T1,LC08_L2SP_040036_20211120_20211130_02_T1
173,L,C,08,L2SP,040,036,2022-01-07,2022-01-14,02,T1,LC08_L2SP_040036_20220107_20220114_02_T1
174,L,C,08,L2SP,040,036,2022-01-23,2022-01-28,02,T1,LC08_L2SP_040036_20220123_20220128_02_T1
175,L,C,08,L2SP,040,036,2022-02-08,2022-02-22,02,T1,LC08_L2SP_040036_20220208_20220222_02_T1
176,L,C,08,L2SP,040,036,2022-02-24,2022-03-01,02,T1,LC08_L2SP_040036_20220224_20220301_02_T1
177,L,C,08,L2SP,040,037,2013-04-20,2020-09-12,02,T1,LC08_L2SP_040037_20130420_20200912_02_T1
178,L,C,08,L2SP,040,037,2013-05-22,2020-09-13,02,T1,LC08_L2SP_040037_20130522_20200913_02_T1
179,L,C,08,L2SP,040,037,2013-07-09,2020-09-12,02,T1,LC08_L2SP_040037_20130709_20200912_02_T1
180,L,C,08,L2SP,040,037,2013-08-10,2020-09-12,02,T1,LC08_L2SP_040037_20130810_20200912_02_T1
181,L,C,08,L2SP,040,037,2013-09-11,2020-09-13,02,T1,LC08_L2SP_040037_20130911_20200913_02_T1
182,L,C,08,L2SP,040,037,2013-09-27,2020-09-13,02,T1,LC08_L2SP_040037_20130927_20200913_02_T1
183,L,C,08,L2SP,040,037,2013-10-13,2020-09-12,02,T1,LC08_L2SP_040037_20131013_20200912_02_T1
184,L,C,08,L2SP,040,037,2013-10-29,2020-09-12,02,T1,LC08_L2SP_040037_20131029_20200912_02_T1
185,L,C,08,L2SP,040,037,2013-11-14,2020-09-12,02,T1,LC08_L2SP_040037_20131114_20200912_02_T1
186,L,C,08,L2SP,040,037,2013-11-30,2020-09-12,02,T1,LC08_L2SP_040037_20131130_20200912_02_T1
187,L,C,08,L2SP,040,037,2013-12-16,2020-09-12,02,T1,LC08_L2SP_040037_20131216_20200912_02_T1
188,L,C,08,L2SP,040,037,2014-01-01,2020-09-12,02,T1,LC08_L2SP_040037_20140101_20200912_02_T1
189,L,C,08,L2SP,040,037,2014-01-17,2020-09-12,02,T1,LC08_L2SP_040037_20140117_20200912_02_T1
190,L,C,08,L2SP,040,037,2014-02-18,2020-09-11,02,T1,LC08_L2SP_040037_20140218_20200911_02_T1
191,L,C,08,L2SP,040,037,2014-03-06,2020-09-11,02,T1,LC08_L2SP_040037_20140306_20200911_02_T1
192,L,C,08,L2SP,040,037,2014-04-07,2020-09-11,02,T1,LC08_L2SP_040037_20140407_20200911_02_T1
193,L,C,08,L2SP,040,037,2014-05-09,2020-09-11,02,T1,LC08_L2SP_040037_20140509_20200911_02_T1
194,L,C,08,L2SP,040,037,2014-05-25,2020-09-11,02,T1,LC08_L2SP_040037_20140525_20200911_02_T1
195,L,C,08,L2SP,040,037,2014-07-12,2020-09-11,02,T1,LC08_L2SP_040037_20140712_20200911_02_T1
196,L,C,08,L2SP,040,037,2014-07-28,2020-09-11,02,T1,LC08_L2SP_040037_20140728_20200911_02_T1
197,L,C,08,L2SP,040,037,2014-08-29,2020-09-11,02,T1,LC08_L2SP_040037_20140829_20200911_02_T1
198,L,C,08,L2SP,040,037,2014-09-14,2020-09-10,02,T1,LC08_L2SP_040037_20140914_20200910_02_T1
199,L,C,08,L2SP,040,037,2014-09-30,2020-09-10,02,T1,LC08_L2SP_040037_20140930_20200910_02_T1
200,L,C,08,L2SP,040,037,2014-11-01,2020-09-10,02,T1,LC08_L2SP_040037_20141101_20200910_02_T1
201,L,C,08,L2SP,040,037,2014-11-17,2020-09-10,02,T1,LC08_L2SP_040037_20141117_20200910_02_T1
202,L,C,08,L2SP,040,037,2014-12-19,2020-09-10,02,T1,LC08_L2SP_040037_20141219_20200910_02_T1
203,L,C,08,L2SP,040,037,2015-01-04,2020-09-10,02,T1,LC08_L2SP_040037_20150104_20200910_02_T1
204,L,C,08,L2SP,040,037,2015-02-05,2020-09-09,02,T1,LC08_L2SP_040037_20150205_20200909_02_T1
205,L,C,08,L2SP,040,037,2015-03-09,2020-09-09,02,T1,LC08_L2SP_040037_20150309_20200909_02_T1
206,L,C,08,L2SP,040,037,2015-03-25,2020-09-09,02,T1,LC08_L2SP_040037_20150325_20200909_02_T1
207,L,C,08,L2SP,040,037,2015-04-10,2020-09-09,02,T1,LC08_L2SP_040037_20150410_20200909_02_T1
208,L,C,08,L2SP,040,037,2015-05-12,2020-09-09,02,T1,LC08_L2SP_040037_20150512_20200909_02_T1
209,L,C,08,L2SP,040,037,2015-07-15,2020-09-08,02,T1,LC08_L2SP_040037_20150715_20200908_02_T1
210,L,C,08,L2SP,040,037,2015-08-16,2020-09-09,02,T1,LC08_L2SP_040037_20150816_20200909_02_T1
211,L,C,08,L2SP,040,037,2015-09-01,2020-09-08,02,T1,LC08_L2SP_040037_20150901_20200908_02_T1
212,L,C,08,L2SP,040,037,2015-11-20,2020-09-08,02,T1,LC08_L2SP_040037_20151120_20200908_02_T1
213,L,C,08,L2SP,040,037,2016-02-08,2020-09-07,02,T1,LC08_L2SP_040037_20160208_20200907_02_T1
214,L,C,08,L2SP,040,037,2016-02-24,2020-09-07,02,T1,LC08_L2SP_040037_20160224_20200907_02_T1
215,L,C,08,L2SP,040,037,2016-03-27,2020-09-07,02,T1,LC08_L2SP_040037_20160327_20200907_02_T1
216,L,C,08,L2SP,040,037,2016-04-12,2020-09-07,02,T1,LC08_L2SP_040037_20160412_20200907_02_T1
217,L,C,08,L2SP,040,037,2016-06-15,2020-09-06,02,T1,LC08_L2SP_040037_20160615_20200906_02_T1
218,L,C,08,L2SP,040,037,2016-08-02,2020-09-06,02,T1,LC08_L2SP_040037_20160802_20200906_02_T1
219,L,C,08,L2SP,040,037,2016-08-18,2020-09-06,02,T1,LC08_L2SP_040037_20160818_20200906_02_T1
220,L,C,08,L2SP,040,037,2016-09-03,2020-09-06,02,T1,LC08_L2SP_040037_20160903_20200906_02_T1
221,L,C,08,L2SP,040,037,2016-10-05,2020-09-06,02,T1,LC08_L2SP_040037_20161005_20200906_02_T1
222,L,C,08,L2SP,040,037,2016-10-21,2020-09-05,02,T1,LC08_L2SP_040037_20161021_20200905_02_T1
223,L,C,08,L2SP,040,037,2016-11-06,2020-09-05,02,T1,LC08_L2SP_040037_20161106_20200905_02_T1
224,L,C,08,L2SP,040,037,2016-11-22,2020-09-05,02,T1,LC08_L2SP_040037_20161122_20200905_02_T1
225,L,C,08,L2SP,040,037,2016-12-08,2020-09-05,02,T1,LC08_L2SP_040037_20161208_20200905_02_T1
226,L,C,08,L2SP,040,037,2016-12-24,2020-09-05,02,T1,LC08_L2SP_040037_20161224_20200905_02_T1
227,L,C,08,L2SP,040,037,2017-01-25,2020-09-05,02,T1,LC08_L2SP_040037_20170125_20200905_02_T1
228,L,C,08,L2SP,040,037,2017-03-14,2020-09-04,02,T1,LC08_L2SP_040037_20170314_20200904_02_T1
229,L,C,08,L2SP,040,037,2017-05-01,2020-09-04,02,T1,LC08_L2SP_040037_20170501_20200904_02_T1
230,L,C,08,L2SP,040,037,2017-06-02,2020-09-03,02,T1,LC08_L2SP_040037_20170602_20200903_02_T1
231,L,C,08,L2SP,040,037,2017-06-18,2020-09-03,02,T1,LC08_L2SP_040037_20170618_20200903_02_T1
232,L,C,08,L2SP,040,037,2017-07-04,2020-09-03,02,T1,LC08_L2SP_040037_20170704_20200903_02_T1
233,L,C,08,L2SP,040,037,2017-07-20,2020-09-03,02,T1,LC08_L2SP_040037_20170720_20200903_02_T1
234,L,C,08,L2SP,040,037,2017-08-21,2020-10-15,02,T1,LC08_L2SP_040037_20170821_20201015_02_T1
235,L,C,08,L2SP,040,037,2017-09-22,2020-09-03,02,T1,LC08_L2SP_040037_20170922_20200903_02_T1
236,L,C,08,L2SP,040,037,2017-10-08,2020-09-03,02,T1,LC08_L2SP_040037_20171008_20200903_02_T1
237,L,C,08,L2SP,040,037,2017-10-24,2020-09-02,02,T1,LC08_L2SP_040037_20171024_20200902_02_T1
238,L,C,08,L2SP,040,037,2017-11-09,2020-09-02,02,T1,LC08_L2SP_040037_20171109_20200902_02_T1
239,L,C,08,L2SP,040,037,2017-11-25,2020-09-02,02,T1,LC08_L2SP_040037_20171125_20200902_02_T1
240,L,C,08,L2SP,040,037,2017-12-11,2020-09-02,02,T1,LC08_L2SP_040037_20171211_20200902_02_T1
241,L,C,08,L2SP,040,037,2017-12-27,2020-09-02,02,T1,LC08_L2SP_040037_20171227_20200902_02_T1
242,L,C,08,L2SP,040,037,2018-01-12,2020-09-02,02,T1,LC08_L2SP_040037_20180112_20200902_02_T1
243,L,C,08,L2SP,040,037,2018-03-01,2020-09-02,02,T1,LC08_L2SP_040037_20180301_20200902_02_T1
244,L,C,08,L2SP,040,037,2018-04-18,2020-09-01,02,T1,LC08_L2SP_040037_20180418_20200901_02_T1
245,L,C,08,L2SP,040,037,2018-05-04,2020-09-01,02,T1,LC08_L2SP_040037_20180504_20200901_02_T1
246,L,C,08,L2SP,040,037,2018-06-21,2020-08-31,02,T1,LC08_L2SP_040037_20180621_20200831_02_T1
247,L,C,08,L2SP,040,037,2018-07-07,2020-08-31,02,T1,LC08_L2SP_040037_20180707_20200831_02_T1
248,L,C,08,L2SP,040,037,2018-07-23,2020-08-31,02,T1,LC08_L2SP_040037_20180723_20200831_02_T1
249,L,C,08,L2SP,040,037,2018-08-08,2020-08-31,02,T1,LC08_L2SP_040037_20180808_20200831_02_T1
250,L,C,08,L2SP,040,037,2018-08-24,2020-08-31,02,T1,LC08_L2SP_040037_20180824_20200831_02_T1
251,L,C,08,L2SP,040,037,2018-09-09,2020-08-30,02,T1,LC08_L2SP_040037_20180909_20200830_02_T1
252,L,C,08,L2SP,040,037,2018-10-27,2020-08-30,02,T1,LC08_L2SP_040037_20181027_20200830_02_T1
253,L,C,08,L2SP,040,037,2018-11-12,2020-08-30,02,T1,LC08_L2SP_040037_20181112_20200830_02_T1
254,L,C,08,L2SP,040,037,2018-11-28,2020-08-30,02,T1,LC08_L2SP_040037_20181128_20200830_02_T1
255,L,C,08,L2SP,040,037,2018-12-30,2020-08-30,02,T1,LC08_L2SP_040037_20181230_20200830_02_T1
256,L,C,08,L2SP,040,037,2019-02-16,2020-08-29,02,T1,LC08_L2SP_040037_20190216_20200829_02_T1
257,L,C,08,L2SP,040,037,2019-04-21,2020-08-29,02,T1,LC08_L2SP_040037_20190421_20200829_02_T1
258,L,C,08,L2SP,040,037,2019-06-08,2020-08-28,02,T1,LC08_L2SP_040037_20190608_20200828_02_T1
259,L,C,08,L2SP,040,037,2019-07-10,2020-08-27,02,T1,LC08_L2SP_040037_20190710_20200827_02_T1
260,L,C,08,L2SP,040,037,2019-07-26,2020-08-27,02,T1,LC08_L2SP_040037_20190726_20200827_02_T1
261,L,C,08,L2SP,040,037,2019-08-11,2020-08-27,02,T1,LC08_L2SP_040037_20190811_20200827_02_T1
262,L,C,08,L2SP,040,037,2019-08-27,2020-08-26,02,T1,LC08_L2SP_040037_20190827_20200826_02_T1
263,L,C,08,L2SP,040,037,2019-09-12,2020-08-26,02,T1,LC08_L2SP_040037_20190912_20200826_02_T1
264,L,C,08,L2SP,040,037,2019-10-14,2020-08-25,02,T1,LC08_L2SP_040037_20191014_20200825_02_T1
265,L,C,08,L2SP,040,037,2019-10-30,2020-08-25,02,T1,LC08_L2SP_040037_20191030_20200825_02_T1
266,L,C,08,L2SP,040,037,2019-11-15,2020-08-25,02,T1,LC08_L2SP_040037_20191115_20200825_02_T1
267,L,C,08,L2SP,040,037,2019-12-17,2020-08-24,02,T1,LC08_L2SP_040037_20191217_20200824_02_T1
268,L,C,08,L2SP,040,037,2019-12-17,2020-10-22,02,T1,LC08_L2SP_040037_20191217_20201022_02_T1
269,L,C,08,L2SP,040,037,2020-01-02,2020-08-23,02,T1,LC08_L2SP_040037_20200102_20200823_02_T1
270,L,C,08,L2SP,040,037,2020-01-18,2020-08-23,02,T1,LC08_L2SP_040037_20200118_20200823_02_T1
271,L,C,08,L2SP,040,037,2020-02-19,2020-08-22,02,T1,LC08_L2SP_040037_20200219_20200822_02_T1
272,L,C,08,L2SP,040,037,2020-03-06,2020-08-22,02,T1,LC08_L2SP_040037_20200306_20200822_02_T1
273,L,C,08,L2SP,040,037,2020-04-23,2020-08-22,02,T1,LC08_L2SP_040037_20200423_20200822_02_T1
274,L,C,08,L2SP,040,037,2020-05-25,2020-08-20,02,T1,LC08_L2SP_040037_20200525_20200820_02_T1
275,L,C,08,L2SP,040,037,2020-07-12,2020-09-12,02,T1,LC08_L2SP_040037_20200712_20200912_02_T1
276,L,C,08,L2SP,040,037,2020-07-28,2020-09-08,02,T1,LC08_L2SP_040037_20200728_20200908_02_T1
277,L,C,08,L2SP,040,037,2020-08-29,2020-09-06,02,T1,LC08_L2SP_040037_20200829_20200906_02_T1
278,L,C,08,L2SP,040,037,2020-09-14,2020-09-19,02,T1,LC08_L2SP_040037_20200914_20200919_02_T1
279,L,C,08,L2SP,040,037,2020-09-30,2020-10-07,02,T1,LC08_L2SP_040037_20200930_20201007_02_T1
280,L,C,08,L2SP,040,037,2020-10-16,2020-11-05,02,T1,LC08_L2SP_040037_20201016_20201105_02_T1
281,L,C,08,L2SP,040,037,2020-11-17,2021-03-15,02,T1,LC08_L2SP_040037_20201117_20210315_02_T1
282,L,C,08,L2SP,040,037,2020-12-19,2021-03-10,02,T1,LC08_L2SP_040037_20201219_20210310_02_T1
283,L,C,08,L2SP,040,037,2021-01-04,2021-03-09,02,T1,LC08_L2SP_040037_20210104_20210309_02_T1
284,L,C,08,L2SP,040,037,2021-02-21,2021-03-03,02,T1,LC08_L2SP_040037_20210221_20210303_02_T1
285,L,C,08,L2SP,040,037,2021-03-09,2021-03-17,02,T1,LC08_L2SP_040037_20210309_20210317_02_T1
286,L,C,08,L2SP,040,037,2021-04-10,2021-04-16,02,T1,LC08_L2SP_040037_20210410_20210416_02_T1
287,L,C,08,L2SP,040,037,2021-05-12,2021-05-24,02,T1,LC08_L2SP_040037_20210512_20210524_02_T1
288,L,C,08,L2SP,040,037,2021-05-28,2021-06-07,02,T1,LC08_L2SP_040037_20210528_20210607_02_T1
289,L,C,08,L2SP,040,037,2021-06-13,2021-06-22,02,T1,LC08_L2SP_040037_20210613_20210622_02_T1
290,L,C,08,L2SP,040,037,2021-07-15,2021-07-21,02,T1,LC08_L2SP_040037_20210715_20210721_02_T1
291,L,C,08,L2SP,040,037,2021-07-31,2021-08-10,02,T1,LC08_L2SP_040037_20210731_20210810_02_T1
292,L,C,08,L2SP,040,037,2021-08-16,2021-08-27,02,T1,LC08_L2SP_040037_20210816_20210827_02_T1
293,L,C,08,L2SP,040,037,2021-10-19,2021-10-26,02,T1,LC08_L2SP_040037_20211019_20211026_02_T1
294,L,C,08,L2SP,040,037,2021-12-06,2021-12-15,02,T1,LC08_L2SP_040037_20211206_20211215_02_T1
295,L,C,08,L2SP,040,037,2021-12-22,2021-12-30,02,T1,LC08_L2SP_040037_20211222_20211230_02_T1
296,L,C,08,L2SP,040,037,2022-01-07,2022-01-14,02,T1,LC08_L2SP_040037_20220107_20220114_02_T1
297,L,C,08,L2SP,040,037,2022-01-23,2022-01-28,02,T1,LC08_L2SP_040037_20220123_20220128_02_T1
298,L,C,08,L2SP,040,037,2022-02-08,2022-02-22,02,T1,LC08_L2SP_040037_20220208_20220222_02_T1
299,L,C,08,L2SP,041,036,2013-04-11,2020-09-12,02,T1,LC08_L2SP_041036_20130411_20200912_02_T1
300,L,C,08,L2SP,041,036,2013-04-27,2020-09-12,02,T1,LC08_L2SP_041036_20130427_20200912_02_T1
301,L,C,08,L2SP,041,036,2013-05-13,2020-09-12,02,T1,LC08_L2SP_041036_20130513_20200912_02_T1
302,L,C,08,L2SP,041,036,2013-05-29,2020-09-12,02,T1,LC08_L2SP_041036_20130529_20200912_02_T1
303,L,C,08,L2SP,041,036,2013-06-14,2020-09-12,02,T1,LC08_L2SP_041036_20130614_20200912_02_T1
304,L,C,08,L2SP,041,036,2013-06-30,2020-09-12,02,T1,LC08_L2SP_041036_20130630_20200912_02_T1
305,L,C,08,L2SP,041,036,2013-07-16,2020-09-12,02,T1,LC08_L2SP_041036_20130716_20200912_02_T1
306,L,C,08,L2SP,041,036,2013-08-01,2020-09-12,02,T1,LC08_L2SP_041036_20130801_20200912_02_T1
307,L,C,08,L2SP,041,036,2013-08-17,2020-09-13,02,T1,LC08_L2SP_041036_20130817_20200913_02_T1
308,L,C,08,L2SP,041,036,2013-09-02,2020-09-12,02,T1,LC08_L2SP_041036_20130902_20200912_02_T1
309,L,C,08,L2SP,041,036,2013-09-18,2020-09-13,02,T1,LC08_L2SP_041036_20130918_20200913_02_T1
310,L,C,08,L2SP,041,036,2013-11-05,2020-09-12,02,T1,LC08_L2SP_041036_20131105_20200912_02_T1
311,L,C,08,L2SP,041,036,2013-12-23,2020-09-12,02,T1,LC08_L2SP_041036_20131223_20200912_02_T1
312,L,C,08,L2SP,041,036,2014-01-08,2020-09-12,02,T1,LC08_L2SP_041036_20140108_20200912_02_T1
313,L,C,08,L2SP,041,036,2014-03-13,2020-09-11,02,T1,LC08_L2SP_041036_20140313_20200911_02_T1
314,L,C,08,L2SP,041,036,2014-03-29,2020-09-11,02,T1,LC08_L2SP_041036_20140329_20200911_02_T1
315,L,C,08,L2SP,041,036,2014-04-14,2020-09-11,02,T1,LC08_L2SP_041036_20140414_20200911_02_T1
316,L,C,08,L2SP,041,036,2014-05-16,2020-09-11,02,T1,LC08_L2SP_041036_20140516_20200911_02_T1
317,L,C,08,L2SP,041,036,2014-06-01,2020-09-11,02,T1,LC08_L2SP_041036_20140601_20200911_02_T1
318,L,C,08,L2SP,041,036,2014-07-03,2020-09-11,02,T1,LC08_L2SP_041036_20140703_20200911_02_T1
319,L,C,08,L2SP,041,036,2014-08-04,2020-09-11,02,T1,LC08_L2SP_041036_20140804_20200911_02_T1
320,L,C,08,L2SP,041,036,2014-09-05,2020-09-11,02,T1,LC08_L2SP_041036_20140905_20200911_02_T1
321,L,C,08,L2SP,041,036,2014-09-21,2020-09-10,02,T1,LC08_L2SP_041036_20140921_20200910_02_T1
322,L,C,08,L2SP,041,036,2014-10-07,2020-09-10,02,T1,LC08_L2SP_041036_20141007_20200910_02_T1
323,L,C,08,L2SP,041,036,2014-10-23,2020-09-10,02,T1,LC08_L2SP_041036_20141023_20200910_02_T1
324,L,C,08,L2SP,041,036,2014-11-08,2020-09-10,02,T1,LC08_L2SP_041036_20141108_20200910_02_T1
325,L,C,08,L2SP,041,036,2014-11-24,2020-09-10,02,T1,LC08_L2SP_041036_20141124_20200910_02_T1
326,L,C,08,L2SP,041,036,2014-12-26,2020-09-10,02,T1,LC08_L2SP_041036_20141226_20200910_02_T1
327,L,C,08,L2SP,041,036,2015-02-12,2020-09-09,02,T1,LC08_L2SP_041036_20150212_20200909_02_T1
328,L,C,08,L2SP,041,036,2015-03-16,2020-09-09,02,T1,LC08_L2SP_041036_20150316_20200909_02_T1
329,L,C,08,L2SP,041,036,2015-04-01,2020-09-09,02,T1,LC08_L2SP_041036_20150401_20200909_02_T1
330,L,C,08,L2SP,041,036,2015-04-17,2020-09-09,02,T1,LC08_L2SP_041036_20150417_20200909_02_T1
331,L,C,08,L2SP,041,036,2015-05-03,2020-09-09,02,T1,LC08_L2SP_041036_20150503_20200909_02_T1
332,L,C,08,L2SP,041,036,2015-05-19,2020-09-09,02,T1,LC08_L2SP_041036_20150519_20200909_02_T1
333,L,C,08,L2SP,041,036,2015-06-20,2020-09-09,02,T1,LC08_L2SP_041036_20150620_20200909_02_T1
334,L,C,08,L2SP,041,036,2015-07-06,2020-09-09,02,T1,LC08_L2SP_041036_20150706_20200909_02_T1
335,L,C,08,L2SP,041,036,2015-08-07,2020-09-08,02,T1,LC08_L2SP_041036_20150807_20200908_02_T1
336,L,C,08,L2SP,041,036,2015-08-23,2020-09-08,02,T1,LC08_L2SP_041036_20150823_20200908_02_T1
337,L,C,08,L2SP,041,036,2015-09-08,2020-09-08,02,T1,LC08_L2SP_041036_20150908_20200908_02_T1
338,L,C,08,L2SP,041,036,2015-09-24,2020-09-08,02,T1,LC08_L2SP_041036_20150924_20200908_02_T1
339,L,C,08,L2SP,041,036,2015-10-10,2020-09-08,02,T1,LC08_L2SP_041036_20151010_20200908_02_T1
340,L,C,08,L2SP,041,036,2015-10-26,2020-09-08,02,T1,LC08_L2SP_041036_20151026_20200908_02_T1
341,L,C,08,L2SP,041,036,2015-11-27,2020-09-08,02,T1,LC08_L2SP_041036_20151127_20200908_02_T1
342,L,C,08,L2SP,041,036,2015-12-13,2020-09-08,02,T1,LC08_L2SP_041036_20151213_20200908_02_T1
343,L,C,08,L2SP,041,036,2015-12-29,2020-09-08,02,T1,LC08_L2SP_041036_20151229_20200908_02_T1
344,L,C,08,L2SP,041,036,2016-02-15,2020-09-07,02,T1,LC08_L2SP_041036_20160215_20200907_02_T1
345,L,C,08,L2SP,041,036,2016-03-02,2020-09-07,02,T1,LC08_L2SP_041036_20160302_20200907_02_T1
346,L,C,08,L2SP,041,036,2016-03-18,2020-09-07,02,T1,LC08_L2SP_041036_20160318_20200907_02_T1
347,L,C,08,L2SP,041,036,2016-04-03,2020-09-07,02,T1,LC08_L2SP_041036_20160403_20200907_02_T1
348,L,C,08,L2SP,041,036,2016-04-19,2020-09-07,02,T1,LC08_L2SP_041036_20160419_20200907_02_T1
349,L,C,08,L2SP,041,036,2016-05-21,2020-09-06,02,T1,LC08_L2SP_041036_20160521_20200906_02_T1
350,L,C,08,L2SP,041,036,2016-06-06,2020-09-06,02,T1,LC08_L2SP_041036_20160606_20200906_02_T1
351,L,C,08,L2SP,041,036,2016-06-22,2020-09-06,02,T1,LC08_L2SP_041036_20160622_20200906_02_T1
352,L,C,08,L2SP,041,036,2016-07-08,2020-09-06,02,T1,LC08_L2SP_041036_20160708_20200906_02_T1
353,L,C,08,L2SP,041,036,2016-07-24,2020-09-06,02,T1,LC08_L2SP_041036_20160724_20200906_02_T1
354,L,C,08,L2SP,041,036,2016-08-09,2020-09-06,02,T1,LC08_L2SP_041036_20160809_20200906_02_T1
355,L,C,08,L2SP,041,036,2016-08-25,2020-09-06,02,T1,LC08_L2SP_041036_20160825_20200906_02_T1
356,L,C,08,L2SP,041,036,2016-09-10,2020-09-06,02,T1,LC08_L2SP_041036_20160910_20200906_02_T1
357,L,C,08,L2SP,041,036,2016-09-26,2020-09-06,02,T1,LC08_L2SP_041036_20160926_20200906_02_T1
358,L,C,08,L2SP,041,036,2016-10-12,2020-09-05,02,T1,LC08_L2SP_041036_20161012_20200905_02_T1
359,L,C,08,L2SP,041,036,2016-11-13,2020-09-05,02,T1,LC08_L2SP_041036_20161113_20200905_02_T1
360,L,C,08,L2SP,041,036,2016-11-29,2020-09-05,02,T1,LC08_L2SP_041036_20161129_20200905_02_T1
361,L,C,08,L2SP,041,036,2017-01-16,2020-09-05,02,T1,LC08_L2SP_041036_20170116_20200905_02_T1
362,L,C,08,L2SP,041,036,2017-02-01,2020-09-05,02,T1,LC08_L2SP_041036_20170201_20200905_02_T1
363,L,C,08,L2SP,041,036,2017-05-08,2020-09-04,02,T1,LC08_L2SP_041036_20170508_20200904_02_T1
364,L,C,08,L2SP,041,036,2017-05-24,2020-09-03,02,T1,LC08_L2SP_041036_20170524_20200903_02_T1
365,L,C,08,L2SP,041,036,2017-07-11,2020-09-03,02,T1,LC08_L2SP_041036_20170711_20200903_02_T1
366,L,C,08,L2SP,041,036,2017-08-12,2020-09-03,02,T1,LC08_L2SP_041036_20170812_20200903_02_T1
367,L,C,08,L2SP,041,036,2017-08-28,2020-09-03,02,T1,LC08_L2SP_041036_20170828_20200903_02_T1
368,L,C,08,L2SP,041,036,2017-09-13,2020-09-03,02,T1,LC08_L2SP_041036_20170913_20200903_02_T1
369,L,C,08,L2SP,041,036,2017-09-29,2020-09-03,02,T1,LC08_L2SP_041036_20170929_20200903_02_T1
370,L,C,08,L2SP,041,036,2017-10-15,2020-09-02,02,T1,LC08_L2SP_041036_20171015_20200902_02_T1
371,L,C,08,L2SP,041,036,2017-12-02,2020-09-02,02,T1,LC08_L2SP_041036_20171202_20200902_02_T1
372,L,C,08,L2SP,041,036,2017-12-18,2020-09-02,02,T1,LC08_L2SP_041036_20171218_20200902_02_T1
373,L,C,08,L2SP,041,036,2018-02-20,2020-09-02,02,T1,LC08_L2SP_041036_20180220_20200902_02_T1
374,L,C,08,L2SP,041,036,2018-03-24,2020-09-01,02,T1,LC08_L2SP_041036_20180324_20200901_02_T1
375,L,C,08,L2SP,041,036,2018-04-09,2020-09-01,02,T1,LC08_L2SP_041036_20180409_20200901_02_T1
376,L,C,08,L2SP,041,036,2018-04-25,2020-09-01,02,T1,LC08_L2SP_041036_20180425_20200901_02_T1
377,L,C,08,L2SP,041,036,2018-05-27,2020-09-01,02,T1,LC08_L2SP_041036_20180527_20200901_02_T1
378,L,C,08,L2SP,041,036,2018-07-14,2020-08-31,02,T1,LC08_L2SP_041036_20180714_20200831_02_T1
379,L,C,08,L2SP,041,036,2018-08-15,2020-08-31,02,T1,LC08_L2SP_041036_20180815_20200831_02_T1
380,L,C,08,L2SP,041,036,2018-08-31,2020-08-31,02,T1,LC08_L2SP_041036_20180831_20200831_02_T1
381,L,C,08,L2SP,041,036,2018-10-18,2020-08-30,02,T1,LC08_L2SP_041036_20181018_20200830_02_T1
382,L,C,08,L2SP,041,036,2018-11-03,2020-08-30,02,T1,LC08_L2SP_041036_20181103_20200830_02_T1
383,L,C,08,L2SP,041,036,2019-01-06,2020-08-30,02,T1,LC08_L2SP_041036_20190106_20200830_02_T1
384,L,C,08,L2SP,041,036,2019-01-22,2020-08-30,02,T1,LC08_L2SP_041036_20190122_20200830_02_T1
385,L,C,08,L2SP,041,036,2019-02-07,2020-08-29,02,T1,LC08_L2SP_041036_20190207_20200829_02_T1
386,L,C,08,L2SP,041,036,2019-02-23,2020-08-29,02,T1,LC08_L2SP_041036_20190223_20200829_02_T1
387,L,C,08,L2SP,041,036,2019-03-27,2020-08-29,02,T1,LC08_L2SP_041036_20190327_20200829_02_T1
388,L,C,08,L2SP,041,036,2019-04-12,2020-08-28,02,T1,LC08_L2SP_041036_20190412_20200828_02_T1
389,L,C,08,L2SP,041,036,2019-04-28,2020-08-28,02,T1,LC08_L2SP_041036_20190428_20200828_02_T1
390,L,C,08,L2SP,041,036,2019-05-14,2020-08-28,02,T1,LC08_L2SP_041036_20190514_20200828_02_T1
391,L,C,08,L2SP,041,036,2019-05-30,2020-08-28,02,T1,LC08_L2SP_041036_20190530_20200828_02_T1
392,L,C,08,L2SP,041,036,2019-06-15,2020-08-28,02,T1,LC08_L2SP_041036_20190615_20200828_02_T1
393,L,C,08,L2SP,041,036,2019-07-01,2020-08-27,02,T1,LC08_L2SP_041036_20190701_20200827_02_T1
394,L,C,08,L2SP,041,036,2019-07-17,2020-08-27,02,T1,LC08_L2SP_041036_20190717_20200827_02_T1
395,L,C,08,L2SP,041,036,2019-08-02,2020-08-27,02,T1,LC08_L2SP_041036_20190802_20200827_02_T1
396,L,C,08,L2SP,041,036,2019-09-03,2020-08-26,02,T1,LC08_L2SP_041036_20190903_20200826_02_T1
397,L,C,08,L2SP,041,036,2019-11-06,2020-08-25,02,T1,LC08_L2SP_041036_20191106_20200825_02_T1
398,L,C,08,L2SP,041,036,2019-12-24,2020-08-25,02,T1,LC08_L2SP_041036_20191224_20200825_02_T1
399,L,C,08,L2SP,041,036,2020-01-09,2020-08-23,02,T1,LC08_L2SP_041036_20200109_20200823_02_T1
400,L,C,08,L2SP,041,036,2020-02-10,2020-08-23,02,T1,LC08_L2SP_041036_20200210_20200823_02_T1
401,L,C,08,L2SP,041,036,2020-02-26,2020-08-22,02,T1,LC08_L2SP_041036_20200226_20200822_02_T1
402,L,C,08,L2SP,041,036,2020-04-14,2020-08-22,02,T1,LC08_L2SP_041036_20200414_20200822_02_T1
403,L,C,08,L2SP,041,036,2020-04-30,2020-08-20,02,T1,LC08_L2SP_041036_20200430_20200820_02_T1
404,L,C,08,L2SP,041,036,2020-05-16,2020-08-20,02,T1,LC08_L2SP_041036_20200516_20200820_02_T1
405,L,C,08,L2SP,041,036,2020-06-01,2020-08-24,02,T1,LC08_L2SP_041036_20200601_20200824_02_T1
406,L,C,08,L2SP,041,036,2020-07-03,2020-09-13,02,T1,LC08_L2SP_041036_20200703_20200913_02_T1
407,L,C,08,L2SP,041,036,2020-07-19,2021-03-30,02,T1,LC08_L2SP_041036_20200719_20210330_02_T1
408,L,C,08,L2SP,041,036,2020-08-04,2020-09-14,02,T1,LC08_L2SP_041036_20200804_20200914_02_T1
409,L,C,08,L2SP,041,036,2020-08-20,2020-09-05,02,T1,LC08_L2SP_041036_20200820_20200905_02_T1
410,L,C,08,L2SP,041,036,2020-09-05,2020-09-18,02,T1,LC08_L2SP_041036_20200905_20200918_02_T1
411,L,C,08,L2SP,041,036,2020-09-21,2020-10-06,02,T1,LC08_L2SP_041036_20200921_20201006_02_T1
412,L,C,08,L2SP,041,036,2020-11-24,2021-03-16,02,T1,LC08_L2SP_041036_20201124_20210316_02_T1
413,L,C,08,L2SP,041,036,2020-12-26,2021-03-10,02,T1,LC08_L2SP_041036_20201226_20210310_02_T1
414,L,C,08,L2SP,041,036,2021-02-12,2021-03-01,02,T1,LC08_L2SP_041036_20210212_20210301_02_T1
415,L,C,08,L2SP,041,036,2021-03-16,2021-03-28,02,T1,LC08_L2SP_041036_20210316_20210328_02_T1
416,L,C,08,L2SP,041,036,2021-04-17,2021-04-24,02,T1,LC08_L2SP_041036_20210417_20210424_02_T1
417,L,C,08,L2SP,041,036,2021-05-19,2021-05-28,02,T1,LC08_L2SP_041036_20210519_20210528_02_T1
418,L,C,08,L2SP,041,036,2021-06-04,2021-06-14,02,T1,LC08_L2SP_041036_20210604_20210614_02_T1
419,L,C,08,L2SP,041,036,2021-06-20,2021-06-29,02,T1,LC08_L2SP_041036_20210620_20210629_02_T1
420,L,C,08,L2SP,041,036,2021-07-06,2021-07-13,02,T1,LC08_L2SP_041036_20210706_20210713_02_T1
421,L,C,08,L2SP,041,036,2021-07-22,2021-07-29,02,T1,LC08_L2SP_041036_20210722_20210729_02_T1
422,L,C,08,L2SP,041,036,2021-08-07,2021-08-18,02,T1,LC08_L2SP_041036_20210807_20210818_02_T1
423,L,C,08,L2SP,041,036,2021-08-23,2021-09-01,02,T1,LC08_L2SP_041036_20210823_20210901_02_T1
424,L,C,08,L2SP,041,036,2021-09-08,2021-09-16,02,T1,LC08_L2SP_041036_20210908_20210916_02_T1
425,L,C,08,L2SP,041,036,2021-09-24,2021-09-30,02,T1,LC08_L2SP_041036_20210924_20210930_02_T1
426,L,C,08,L2SP,041,036,2021-10-10,2021-10-19,02,T1,LC08_L2SP_041036_20211010_20211019_02_T1
427,L,C,08,L2SP,041,036,2021-10-26,2021-11-04,02,T1,LC08_L2SP_041036_20211026_20211104_02_T1
428,L,C,08,L2SP,041,036,2021-11-11,2021-11-17,02,T1,LC08_L2SP_041036_20211111_20211117_02_T1
429,L,C,08,L2SP,041,036,2021-11-27,2021-12-08,02,T1,LC08_L2SP_041036_20211127_20211208_02_T1
430,L,C,08,L2SP,041,036,2022-01-30,2022-02-04,02,T1,LC08_L2SP_041036_20220130_20220204_02_T1
431,L,C,08,L2SP,041,037,2013-04-11,2020-09-12,02,T1,LC08_L2SP_041037_20130411_20200912_02_T1
432,L,C,08,L2SP,041,037,2013-05-13,2020-09-13,02,T1,LC08_L2SP_041037_20130513_20200913_02_T1
433,L,C,08,L2SP,041,037,2013-05-29,2020-09-12,02,T1,LC08_L2SP_041037_20130529_20200912_02_T1
434,L,C,08,L2SP,041,037,2013-06-30,2020-09-12,02,T1,LC08_L2SP_041037_20130630_20200912_02_T1
435,L,C,08,L2SP,041,037,2013-11-05,2020-09-12,02,T1,LC08_L2SP_041037_20131105_20200912_02_T1
436,L,C,08,L2SP,041,037,2013-11-21,2020-09-12,02,T2,LC08_L2SP_041037_20131121_20200912_02_T2
437,L,C,08,L2SP,041,037,2013-12-23,2020-09-12,02,T1,LC08_L2SP_041037_20131223_20200912_02_T1
438,L,C,08,L2SP,041,037,2014-01-08,2020-09-12,02,T1,LC08_L2SP_041037_20140108_20200912_02_T1
439,L,C,08,L2SP,041,037,2014-03-13,2020-09-12,02,T1,LC08_L2SP_041037_20140313_20200912_02_T1
440,L,C,08,L2SP,041,037,2014-03-29,2020-09-11,02,T1,LC08_L2SP_041037_20140329_20200911_02_T1
441,L,C,08,L2SP,041,037,2014-04-14,2020-09-11,02,T1,LC08_L2SP_041037_20140414_20200911_02_T1
442,L,C,08,L2SP,041,037,2014-06-17,2020-09-11,02,T1,LC08_L2SP_041037_20140617_20200911_02_T1
443,L,C,08,L2SP,041,037,2014-08-04,2020-09-11,02,T1,LC08_L2SP_041037_20140804_20200911_02_T1
444,L,C,08,L2SP,041,037,2014-10-23,2020-09-10,02,T1,LC08_L2SP_041037_20141023_20200910_02_T1
445,L,C,08,L2SP,041,037,2014-11-24,2020-09-10,02,T1,LC08_L2SP_041037_20141124_20200910_02_T1
446,L,C,08,L2SP,041,037,2014-12-26,2020-09-10,02,T1,LC08_L2SP_041037_20141226_20200910_02_T1
447,L,C,08,L2SP,041,037,2015-01-11,2020-09-10,02,T2,LC08_L2SP_041037_20150111_20200910_02_T2
448,L,C,08,L2SP,041,037,2015-02-12,2020-09-10,02,T1,LC08_L2SP_041037_20150212_20200910_02_T1
449,L,C,08,L2SP,041,037,2015-03-16,2020-09-09,02,T1,LC08_L2SP_041037_20150316_20200909_02_T1
450,L,C,08,L2SP,041,037,2015-04-01,2020-09-09,02,T1,LC08_L2SP_041037_20150401_20200909_02_T1
451,L,C,08,L2SP,041,037,2015-04-17,2020-09-09,02,T1,LC08_L2SP_041037_20150417_20200909_02_T1
452,L,C,08,L2SP,041,037,2015-05-19,2020-09-09,02,T1,LC08_L2SP_041037_20150519_20200909_02_T1
453,L,C,08,L2SP,041,037,2015-09-08,2020-09-08,02,T1,LC08_L2SP_041037_20150908_20200908_02_T1
454,L,C,08,L2SP,041,037,2015-09-24,2020-09-08,02,T1,LC08_L2SP_041037_20150924_20200908_02_T1
455,L,C,08,L2SP,041,037,2015-10-10,2020-09-08,02,T1,LC08_L2SP_041037_20151010_20200908_02_T1
456,L,C,08,L2SP,041,037,2015-10-26,2020-09-08,02,T1,LC08_L2SP_041037_20151026_20200908_02_T1
457,L,C,08,L2SP,041,037,2015-11-11,2020-09-08,02,T1,LC08_L2SP_041037_20151111_20200908_02_T1
458,L,C,08,L2SP,041,037,2015-11-27,2020-09-08,02,T1,LC08_L2SP_041037_20151127_20200908_02_T1
459,L,C,08,L2SP,041,037,2015-12-13,2020-09-08,02,T1,LC08_L2SP_041037_20151213_20200908_02_T1
460,L,C,08,L2SP,041,037,2015-12-29,2020-09-08,02,T1,LC08_L2SP_041037_20151229_20200908_02_T1
461,L,C,08,L2SP,041,037,2016-02-15,2020-09-07,02,T1,LC08_L2SP_041037_20160215_20200907_02_T1
462,L,C,08,L2SP,041,037,2016-03-02,2020-09-07,02,T1,LC08_L2SP_041037_20160302_20200907_02_T1
463,L,C,08,L2SP,041,037,2016-04-19,2020-09-07,02,T1,LC08_L2SP_041037_20160419_20200907_02_T1
464,L,C,08,L2SP,041,037,2016-05-21,2020-09-06,02,T1,LC08_L2SP_041037_20160521_20200906_02_T1
465,L,C,08,L2SP,041,037,2016-09-26,2020-09-06,02,T1,LC08_L2SP_041037_20160926_20200906_02_T1
466,L,C,08,L2SP,041,037,2016-10-28,2020-09-05,02,T1,LC08_L2SP_041037_20161028_20200905_02_T1
467,L,C,08,L2SP,041,037,2016-11-29,2020-09-05,02,T1,LC08_L2SP_041037_20161129_20200905_02_T1
468,L,C,08,L2SP,041,037,2017-01-16,2020-09-05,02,T1,LC08_L2SP_041037_20170116_20200905_02_T1
469,L,C,08,L2SP,041,037,2017-02-01,2020-09-05,02,T1,LC08_L2SP_041037_20170201_20200905_02_T1
470,L,C,08,L2SP,041,037,2017-03-21,2020-09-04,02,T2,LC08_L2SP_041037_20170321_20200904_02_T2
471,L,C,08,L2SP,041,037,2017-04-22,2020-09-04,02,T1,LC08_L2SP_041037_20170422_20200904_02_T1
472,L,C,08,L2SP,041,037,2017-05-08,2020-09-04,02,T1,LC08_L2SP_041037_20170508_20200904_02_T1
473,L,C,08,L2SP,041,037,2017-09-13,2020-09-03,02,T1,LC08_L2SP_041037_20170913_20200903_02_T1
474,L,C,08,L2SP,041,037,2017-09-29,2020-09-03,02,T1,LC08_L2SP_041037_20170929_20200903_02_T1
475,L,C,08,L2SP,041,037,2017-10-15,2020-09-02,02,T1,LC08_L2SP_041037_20171015_20200902_02_T1
476,L,C,08,L2SP,041,037,2017-11-16,2020-09-02,02,T1,LC08_L2SP_041037_20171116_20200902_02_T1
477,L,C,08,L2SP,041,037,2017-12-18,2020-09-02,02,T1,LC08_L2SP_041037_20171218_20200902_02_T1
478,L,C,08,L2SP,041,037,2018-02-04,2020-09-02,02,T1,LC08_L2SP_041037_20180204_20200902_02_T1
479,L,C,08,L2SP,041,037,2018-02-20,2020-09-02,02,T1,LC08_L2SP_041037_20180220_20200902_02_T1
480,L,C,08,L2SP,041,037,2018-03-24,2020-09-01,02,T1,LC08_L2SP_041037_20180324_20200901_02_T1
481,L,C,08,L2SP,041,037,2018-04-09,2020-09-01,02,T1,LC08_L2SP_041037_20180409_20200901_02_T1
482,L,C,08,L2SP,041,037,2018-09-16,2020-08-30,02,T1,LC08_L2SP_041037_20180916_20200830_02_T1
483,L,C,08,L2SP,041,037,2018-10-18,2020-08-30,02,T1,LC08_L2SP_041037_20181018_20200830_02_T1
484,L,C,08,L2SP,041,037,2018-11-03,2020-08-30,02,T1,LC08_L2SP_041037_20181103_20200830_02_T1
485,L,C,08,L2SP,041,037,2019-01-06,2020-08-29,02,T1,LC08_L2SP_041037_20190106_20200829_02_T1
486,L,C,08,L2SP,041,037,2019-01-22,2020-08-29,02,T1,LC08_L2SP_041037_20190122_20200829_02_T1
487,L,C,08,L2SP,041,037,2019-02-07,2020-08-29,02,T1,LC08_L2SP_041037_20190207_20200829_02_T1
488,L,C,08,L2SP,041,037,2019-02-23,2020-08-29,02,T1,LC08_L2SP_041037_20190223_20200829_02_T1
489,L,C,08,L2SP,041,037,2019-04-12,2020-08-28,02,T1,LC08_L2SP_041037_20190412_20200828_02_T1
490,L,C,08,L2SP,041,037,2019-10-21,2020-08-25,02,T1,LC08_L2SP_041037_20191021_20200825_02_T1
491,L,C,08,L2SP,041,037,2019-11-22,2020-08-25,02,T1,LC08_L2SP_041037_20191122_20200825_02_T1
492,L,C,08,L2SP,041,037,2019-12-24,2020-08-24,02,T1,LC08_L2SP_041037_20191224_20200824_02_T1
493,L,C,08,L2SP,041,037,2020-01-09,2020-08-23,02,T1,LC08_L2SP_041037_20200109_20200823_02_T1
494,L,C,08,L2SP,041,037,2020-02-26,2020-08-22,02,T1,LC08_L2SP_041037_20200226_20200822_02_T1
495,L,C,08,L2SP,041,037,2020-03-29,2020-08-22,02,T1,LC08_L2SP_041037_20200329_20200822_02_T1
496,L,C,08,L2SP,041,037,2020-04-14,2020-08-22,02,T1,LC08_L2SP_041037_20200414_20200822_02_T1
497,L,C,08,L2SP,041,037,2020-05-16,2020-08-20,02,T1,LC08_L2SP_041037_20200516_20200820_02_T1
498,L,C,08,L2SP,041,037,2020-07-03,2020-09-13,02,T1,LC08_L2SP_041037_20200703_20200913_02_T1
499,L,C,08,L2SP,041,037,2020-08-20,2020-09-05,02,T1,LC08_L2SP_041037_20200820_20200905_02_T1
500,L,C,08,L2SP,041,037,2020-09-05,2020-09-18,02,T1,LC08_L2SP_041037_20200905_20200918_02_T1
501,L,C,08,L2SP,041,037,2020-11-24,2021-03-16,02,T1,LC08_L2SP_041037_20201124_20210316_02_T1
502,L,C,08,L2SP,041,037,2020-12-26,2021-03-10,02,T1,LC08_L2SP_041037_20201226_20210310_02_T1
503,L,C,08,L2SP,041,037,2021-01-11,2021-03-08,02,T1,LC08_L2SP_041037_20210111_20210308_02_T1
504,L,C,08,L2SP,041,037,2021-02-12,2021-03-01,02,T1,LC08_L2SP_041037_20210212_20210301_02_T1
505,L,C,08,L2SP,041,037,2021-02-28,2021-03-11,02,T1,LC08_L2SP_041037_20210228_20210311_02_T1
506,L,C,08,L2SP,041,037,2021-03-16,2021-03-28,02,T1,LC08_L2SP_041037_20210316_20210328_02_T1
507,L,C,08,L2SP,041,037,2021-04-01,2021-04-09,02,T1,LC08_L2SP_041037_20210401_20210409_02_T1
508,L,C,08,L2SP,041,037,2021-10-10,2021-10-19,02,T1,LC08_L2SP_041037_20211010_20211019_02_T1
509,L,C,08,L2SP,041,037,2021-10-26,2021-11-04,02,T1,LC08_L2SP_041037_20211026_20211104_02_T1
510,L,C,08,L2SP,041,037,2021-11-11,2021-11-17,02,T1,LC08_L2SP_041037_20211111_20211117_02_T1
511,L,C,08,L2SP,041,037,2021-11-27,2021-12-08,02,T1,LC08_L2SP_041037_20211127_20211208_02_T1
512,L,C,08,L2SP,041,037,2022-01-14,2022-01-23,02,T1,LC08_L2SP_041037_20220114_20220123_02_T1
513,L,C,08,L2SP,041,037,2022-01-30,2022-02-04,02,T1,LC08_L2SP_041037_20220130_20220204_02_T1
514,L,C,08,L2SP,042,036,2013-03-27,2020-09-12,02,T1,LC08_L2SP_042036_20130327_20200912_02_T1
515,L,C,08,L2SP,042,036,2013-04-18,2020-09-13,02,T1,LC08_L2SP_042036_20130418_20200913_02_T1
516,L,C,08,L2SP,042,036,2013-05-04,2020-09-13,02,T1,LC08_L2SP_042036_20130504_20200913_02_T1
517,L,C,08,L2SP,042,036,2013-06-05,2020-09-13,02,T1,LC08_L2SP_042036_20130605_20200913_02_T1
518,L,C,08,L2SP,042,036,2013-06-21,2020-09-12,02,T1,LC08_L2SP_042036_20130621_20200912_02_T1
519,L,C,08,L2SP,042,036,2013-07-07,2020-09-12,02,T1,LC08_L2SP_042036_20130707_20200912_02_T1
520,L,C,08,L2SP,042,036,2013-07-23,2020-09-12,02,T1,LC08_L2SP_042036_20130723_20200912_02_T1
521,L,C,08,L2SP,042,036,2013-08-08,2020-09-12,02,T1,LC08_L2SP_042036_20130808_20200912_02_T1
522,L,C,08,L2SP,042,036,2013-08-24,2020-09-13,02,T1,LC08_L2SP_042036_20130824_20200913_02_T1
523,L,C,08,L2SP,042,036,2013-09-25,2020-09-13,02,T1,LC08_L2SP_042036_20130925_20200913_02_T1
524,L,C,08,L2SP,042,036,2013-12-14,2020-09-12,02,T1,LC08_L2SP_042036_20131214_20200912_02_T1
525,L,C,08,L2SP,042,036,2013-12-30,2020-09-12,02,T1,LC08_L2SP_042036_20131230_20200912_02_T1
526,L,C,08,L2SP,042,036,2014-01-15,2020-09-12,02,T1,LC08_L2SP_042036_20140115_20200912_02_T1
527,L,C,08,L2SP,042,036,2014-02-16,2020-09-12,02,T1,LC08_L2SP_042036_20140216_20200912_02_T1
528,L,C,08,L2SP,042,036,2014-04-05,2020-09-11,02,T1,LC08_L2SP_042036_20140405_20200911_02_T1
529,L,C,08,L2SP,042,036,2014-05-07,2020-09-11,02,T1,LC08_L2SP_042036_20140507_20200911_02_T1
530,L,C,08,L2SP,042,036,2014-05-23,2020-09-11,02,T1,LC08_L2SP_042036_20140523_20200911_02_T1
531,L,C,08,L2SP,042,036,2014-06-24,2020-09-11,02,T1,LC08_L2SP_042036_20140624_20200911_02_T1
532,L,C,08,L2SP,042,036,2014-08-11,2020-09-11,02,T1,LC08_L2SP_042036_20140811_20200911_02_T1
533,L,C,08,L2SP,042,036,2014-08-27,2020-09-11,02,T1,LC08_L2SP_042036_20140827_20200911_02_T1
534,L,C,08,L2SP,042,036,2014-09-12,2020-09-11,02,T1,LC08_L2SP_042036_20140912_20200911_02_T1
535,L,C,08,L2SP,042,036,2014-09-28,2020-09-11,02,T1,LC08_L2SP_042036_20140928_20200911_02_T1
536,L,C,08,L2SP,042,036,2014-11-15,2020-09-10,02,T1,LC08_L2SP_042036_20141115_20200910_02_T1
537,L,C,08,L2SP,042,036,2015-01-02,2020-09-10,02,T1,LC08_L2SP_042036_20150102_20200910_02_T1
538,L,C,08,L2SP,042,036,2015-02-03,2020-09-09,02,T1,LC08_L2SP_042036_20150203_20200909_02_T1
539,L,C,08,L2SP,042,036,2015-03-07,2020-09-09,02,T1,LC08_L2SP_042036_20150307_20200909_02_T1
540,L,C,08,L2SP,042,036,2015-03-23,2020-09-09,02,T1,LC08_L2SP_042036_20150323_20200909_02_T1
541,L,C,08,L2SP,042,036,2015-04-08,2020-09-09,02,T1,LC08_L2SP_042036_20150408_20200909_02_T1
542,L,C,08,L2SP,042,036,2015-04-24,2020-09-09,02,T1,LC08_L2SP_042036_20150424_20200909_02_T1
543,L,C,08,L2SP,042,036,2015-05-10,2020-09-09,02,T1,LC08_L2SP_042036_20150510_20200909_02_T1
544,L,C,08,L2SP,042,036,2015-07-13,2020-09-08,02,T1,LC08_L2SP_042036_20150713_20200908_02_T1
545,L,C,08,L2SP,042,036,2015-08-14,2020-09-08,02,T1,LC08_L2SP_042036_20150814_20200908_02_T1
546,L,C,08,L2SP,042,036,2015-08-30,2020-09-08,02,T1,LC08_L2SP_042036_20150830_20200908_02_T1
547,L,C,08,L2SP,042,036,2015-10-01,2020-09-08,02,T1,LC08_L2SP_042036_20151001_20200908_02_T1
548,L,C,08,L2SP,042,036,2016-02-06,2020-09-07,02,T1,LC08_L2SP_042036_20160206_20200907_02_T1
549,L,C,08,L2SP,042,036,2016-02-22,2020-09-07,02,T1,LC08_L2SP_042036_20160222_20200907_02_T1
550,L,C,08,L2SP,042,036,2016-03-09,2020-09-07,02,T1,LC08_L2SP_042036_20160309_20200907_02_T1
551,L,C,08,L2SP,042,036,2016-03-25,2020-09-07,02,T1,LC08_L2SP_042036_20160325_20200907_02_T1
552,L,C,08,L2SP,042,036,2016-04-26,2020-09-07,02,T1,LC08_L2SP_042036_20160426_20200907_02_T1
553,L,C,08,L2SP,042,036,2016-05-12,2020-09-07,02,T1,LC08_L2SP_042036_20160512_20200907_02_T1
554,L,C,08,L2SP,042,036,2016-06-13,2020-09-06,02,T1,LC08_L2SP_042036_20160613_20200906_02_T1
555,L,C,08,L2SP,042,036,2016-07-31,2020-09-06,02,T1,LC08_L2SP_042036_20160731_20200906_02_T1
556,L,C,08,L2SP,042,036,2016-08-16,2020-09-06,02,T1,LC08_L2SP_042036_20160816_20200906_02_T1
557,L,C,08,L2SP,042,036,2016-09-01,2020-09-06,02,T1,LC08_L2SP_042036_20160901_20200906_02_T1
558,L,C,08,L2SP,042,036,2016-09-17,2020-09-06,02,T1,LC08_L2SP_042036_20160917_20200906_02_T1
559,L,C,08,L2SP,042,036,2016-10-03,2020-09-06,02,T1,LC08_L2SP_042036_20161003_20200906_02_T1
560,L,C,08,L2SP,042,036,2016-10-19,2020-09-05,02,T1,LC08_L2SP_042036_20161019_20200905_02_T1
561,L,C,08,L2SP,042,036,2016-11-04,2020-09-05,02,T1,LC08_L2SP_042036_20161104_20200905_02_T1
562,L,C,08,L2SP,042,036,2016-12-06,2020-09-05,02,T1,LC08_L2SP_042036_20161206_20200905_02_T1
563,L,C,08,L2SP,042,036,2016-12-22,2020-09-05,02,T1,LC08_L2SP_042036_20161222_20200905_02_T1
564,L,C,08,L2SP,042,036,2017-02-24,2020-09-05,02,T1,LC08_L2SP_042036_20170224_20200905_02_T1
565,L,C,08,L2SP,042,036,2017-03-12,2020-09-04,02,T1,LC08_L2SP_042036_20170312_20200904_02_T1
566,L,C,08,L2SP,042,036,2017-03-28,2020-09-04,02,T1,LC08_L2SP_042036_20170328_20200904_02_T1
567,L,C,08,L2SP,042,036,2017-04-29,2020-09-04,02,T1,LC08_L2SP_042036_20170429_20200904_02_T1
568,L,C,08,L2SP,042,036,2017-05-15,2020-09-04,02,T1,LC08_L2SP_042036_20170515_20200904_02_T1
569,L,C,08,L2SP,042,036,2017-07-18,2020-09-03,02,T1,LC08_L2SP_042036_20170718_20200903_02_T1
570,L,C,08,L2SP,042,036,2017-09-20,2020-09-03,02,T1,LC08_L2SP_042036_20170920_20200903_02_T1
571,L,C,08,L2SP,042,036,2017-10-06,2020-09-03,02,T1,LC08_L2SP_042036_20171006_20200903_02_T1
572,L,C,08,L2SP,042,036,2017-10-22,2020-09-02,02,T1,LC08_L2SP_042036_20171022_20200902_02_T1
573,L,C,08,L2SP,042,036,2017-11-07,2020-09-02,02,T1,LC08_L2SP_042036_20171107_20200902_02_T1
574,L,C,08,L2SP,042,036,2017-11-23,2020-09-02,02,T1,LC08_L2SP_042036_20171123_20200902_02_T1
575,L,C,08,L2SP,042,036,2017-12-09,2020-09-02,02,T1,LC08_L2SP_042036_20171209_20200902_02_T1
576,L,C,08,L2SP,042,036,2018-01-10,2020-09-02,02,T1,LC08_L2SP_042036_20180110_20200902_02_T1
577,L,C,08,L2SP,042,036,2018-01-26,2020-09-02,02,T1,LC08_L2SP_042036_20180126_20200902_02_T1
578,L,C,08,L2SP,042,036,2018-02-11,2020-09-02,02,T1,LC08_L2SP_042036_20180211_20200902_02_T1
579,L,C,08,L2SP,042,036,2018-02-27,2020-09-02,02,T1,LC08_L2SP_042036_20180227_20200902_02_T1
580,L,C,08,L2SP,042,036,2018-03-15,2020-09-01,02,T1,LC08_L2SP_042036_20180315_20200901_02_T1
581,L,C,08,L2SP,042,036,2018-04-16,2020-09-01,02,T1,LC08_L2SP_042036_20180416_20200901_02_T1
582,L,C,08,L2SP,042,036,2018-05-02,2020-09-01,02,T1,LC08_L2SP_042036_20180502_20200901_02_T1
583,L,C,08,L2SP,042,036,2018-05-18,2020-09-01,02,T1,LC08_L2SP_042036_20180518_20200901_02_T1
584,L,C,08,L2SP,042,036,2018-06-03,2020-08-31,02,T1,LC08_L2SP_042036_20180603_20200831_02_T1
585,L,C,08,L2SP,042,036,2018-06-19,2020-08-31,02,T1,LC08_L2SP_042036_20180619_20200831_02_T1
586,L,C,08,L2SP,042,036,2018-07-21,2020-08-31,02,T1,LC08_L2SP_042036_20180721_20200831_02_T1
587,L,C,08,L2SP,042,036,2018-08-06,2020-08-31,02,T1,LC08_L2SP_042036_20180806_20200831_02_T1
588,L,C,08,L2SP,042,036,2018-10-09,2020-08-30,02,T1,LC08_L2SP_042036_20181009_20200830_02_T1
589,L,C,08,L2SP,042,036,2018-10-25,2020-08-30,02,T1,LC08_L2SP_042036_20181025_20200830_02_T1
590,L,C,08,L2SP,042,036,2018-11-10,2020-08-30,02,T1,LC08_L2SP_042036_20181110_20200830_02_T1
591,L,C,08,L2SP,042,036,2018-11-26,2020-08-30,02,T1,LC08_L2SP_042036_20181126_20200830_02_T1
592,L,C,08,L2SP,042,036,2018-12-12,2020-08-30,02,T1,LC08_L2SP_042036_20181212_20200830_02_T1
593,L,C,08,L2SP,042,036,2018-12-28,2020-08-30,02,T1,LC08_L2SP_042036_20181228_20200830_02_T1
594,L,C,08,L2SP,042,036,2019-01-29,2020-08-29,02,T1,LC08_L2SP_042036_20190129_20200829_02_T1
595,L,C,08,L2SP,042,036,2019-03-18,2020-08-29,02,T1,LC08_L2SP_042036_20190318_20200829_02_T1
596,L,C,08,L2SP,042,036,2019-07-24,2020-08-27,02,T1,LC08_L2SP_042036_20190724_20200827_02_T1
597,L,C,08,L2SP,042,036,2019-08-09,2020-08-27,02,T1,LC08_L2SP_042036_20190809_20200827_02_T1
598,L,C,08,L2SP,042,036,2019-09-10,2020-08-26,02,T1,LC08_L2SP_042036_20190910_20200826_02_T1
599,L,C,08,L2SP,042,036,2019-10-12,2020-08-25,02,T1,LC08_L2SP_042036_20191012_20200825_02_T1
600,L,C,08,L2SP,042,036,2019-10-28,2020-08-25,02,T1,LC08_L2SP_042036_20191028_20200825_02_T1
601,L,C,08,L2SP,042,036,2019-11-29,2020-08-25,02,T1,LC08_L2SP_042036_20191129_20200825_02_T1
602,L,C,08,L2SP,042,036,2019-12-15,2020-08-24,02,T1,LC08_L2SP_042036_20191215_20200824_02_T1
603,L,C,08,L2SP,042,036,2019-12-15,2020-10-22,02,T1,LC08_L2SP_042036_20191215_20201022_02_T1
604,L,C,08,L2SP,042,036,2020-02-01,2020-08-23,02,T1,LC08_L2SP_042036_20200201_20200823_02_T1
605,L,C,08,L2SP,042,036,2020-02-17,2020-08-23,02,T1,LC08_L2SP_042036_20200217_20200823_02_T1
606,L,C,08,L2SP,042,036,2020-03-04,2020-08-22,02,T1,LC08_L2SP_042036_20200304_20200822_02_T1
607,L,C,08,L2SP,042,036,2020-04-21,2020-08-22,02,T1,LC08_L2SP_042036_20200421_20200822_02_T1
608,L,C,08,L2SP,042,036,2020-05-07,2020-08-20,02,T1,LC08_L2SP_042036_20200507_20200820_02_T1
609,L,C,08,L2SP,042,036,2020-05-23,2020-08-20,02,T1,LC08_L2SP_042036_20200523_20200820_02_T1
610,L,C,08,L2SP,042,036,2020-06-08,2020-08-25,02,T1,LC08_L2SP_042036_20200608_20200825_02_T1
611,L,C,08,L2SP,042,036,2020-07-10,2020-09-12,02,T1,LC08_L2SP_042036_20200710_20200912_02_T1
612,L,C,08,L2SP,042,036,2020-08-11,2020-09-18,02,T1,LC08_L2SP_042036_20200811_20200918_02_T1
613,L,C,08,L2SP,042,036,2020-08-27,2020-09-06,02,T1,LC08_L2SP_042036_20200827_20200906_02_T1
614,L,C,08,L2SP,042,036,2020-09-12,2020-09-19,02,T1,LC08_L2SP_042036_20200912_20200919_02_T1
615,L,C,08,L2SP,042,036,2020-10-14,2020-11-05,02,T1,LC08_L2SP_042036_20201014_20201105_02_T1
616,L,C,08,L2SP,042,036,2020-10-30,2020-11-06,02,T1,LC08_L2SP_042036_20201030_20201106_02_T1
617,L,C,08,L2SP,042,036,2020-11-15,2021-03-15,02,T1,LC08_L2SP_042036_20201115_20210315_02_T1
618,L,C,08,L2SP,042,036,2020-12-01,2021-03-12,02,T1,LC08_L2SP_042036_20201201_20210312_02_T1
619,L,C,08,L2SP,042,036,2020-12-17,2021-03-09,02,T1,LC08_L2SP_042036_20201217_20210309_02_T1
620,L,C,08,L2SP,042,036,2021-01-02,2021-03-08,02,T1,LC08_L2SP_042036_20210102_20210308_02_T1
621,L,C,08,L2SP,042,036,2021-01-18,2021-03-06,02,T1,LC08_L2SP_042036_20210118_20210306_02_T1
622,L,C,08,L2SP,042,036,2021-02-03,2021-03-03,02,T1,LC08_L2SP_042036_20210203_20210303_02_T1
623,L,C,08,L2SP,042,036,2021-02-19,2021-03-03,02,T1,LC08_L2SP_042036_20210219_20210303_02_T1
624,L,C,08,L2SP,042,036,2021-03-23,2021-04-02,02,T1,LC08_L2SP_042036_20210323_20210402_02_T1
625,L,C,08,L2SP,042,036,2021-04-08,2021-04-16,02,T1,LC08_L2SP_042036_20210408_20210416_02_T1
626,L,C,08,L2SP,040,036,2017-06-18,2020-09-03,02,T1,LC08_L2SP_040036_20170618_20200903_02_T1
627,L,C,08,L2SP,040,036,2017-12-11,2020-09-02,02,T1,LC08_L2SP_040036_20171211_20200902_02_T1
628,L,C,08,L2SP,040,036,2018-03-01,2020-09-02,02,T1,LC08_L2SP_040036_20180301_20200902_02_T1
629,L,C,08,L2SP,040,036,2019-02-16,2020-08-29,02,T1,LC08_L2SP_040036_20190216_20200829_02_T1
630,L,C,08,L2SP,040,036,2019-06-08,2020-08-28,02,T1,LC08_L2SP_040036_20190608_20200828_02_T1
631,L,C,08,L2SP,040,036,2019-08-27,2020-08-26,02,T1,LC08_L2SP_040036_20190827_20200826_02_T1
632,L,C,08,L2SP,040,036,2020-01-02,2020-08-23,02,T1,LC08_L2SP_040036_20200102_20200823_02_T1
633,L,C,08,L2SP,040,036,2021-05-12,2021-05-24,02,T1,LC08_L2SP_040036_20210512_20210524_02_T1
634,L,C,08,L2SP,040,036,2021-07-15,2021-07-21,02,T1,LC08_L2SP_040036_20210715_20210721_02_T1
635,L,C,08,L2SP,040,036,2021-10-19,2021-10-26,02,T1,LC08_L2SP_040036_20211019_20211026_02_T1
636,L,C,08,L2SP,040,036,2021-12-22,2021-12-30,02,T1,LC08_L2SP_040036_20211222_20211230_02_T1
637,L,C,08,L2SP,040,037,2014-04-23,2020-09-11,02,T1,LC08_L2SP_040037_20140423_20200911_02_T1
638,L,C,08,L2SP,040,037,2014-10-16,2020-09-10,02,T1,LC08_L2SP_040037_20141016_20200910_02_T1
639,L,C,08,L2SP,040,037,2015-04-26,2020-09-09,02,T1,LC08_L2SP_040037_20150426_20200909_02_T1
640,L,C,08,L2SP,040,037,2015-09-17,2020-09-08,02,T1,LC08_L2SP_040037_20150917_20200908_02_T1
641,L,C,08,L2SP,040,037,2015-10-03,2020-09-08,02,T1,LC08_L2SP_040037_20151003_20200908_02_T1
642,L,C,08,L2SP,040,037,2016-07-17,2020-09-06,02,T1,LC08_L2SP_040037_20160717_20200906_02_T1
643,L,C,08,L2SP,040,037,2017-03-30,2020-09-04,02,T1,LC08_L2SP_040037_20170330_20200904_02_T1
644,L,C,08,L2SP,040,037,2017-04-15,2020-09-04,02,T1,LC08_L2SP_040037_20170415_20200904_02_T1
645,L,C,08,L2SP,040,037,2017-08-05,2020-09-03,02,T1,LC08_L2SP_040037_20170805_20200903_02_T1
646,L,C,08,L2SP,040,037,2017-09-06,2020-09-03,02,T1,LC08_L2SP_040037_20170906_20200903_02_T1
647,L,C,08,L2SP,040,037,2018-01-28,2020-09-02,02,T1,LC08_L2SP_040037_20180128_20200902_02_T1
648,L,C,08,L2SP,040,037,2018-02-13,2020-09-02,02,T1,LC08_L2SP_040037_20180213_20200902_02_T1
649,L,C,08,L2SP,040,037,2020-06-10,2020-08-24,02,T1,LC08_L2SP_040037_20200610_20200824_02_T1
650,L,C,08,L2SP,040,037,2020-06-26,2020-08-24,02,T1,LC08_L2SP_040037_20200626_20200824_02_T1
651,L,C,08,L2SP,040,037,2020-12-03,2021-03-13,02,T1,LC08_L2SP_040037_20201203_20210313_02_T1
652,L,C,08,L2SP,040,037,2021-02-05,2021-03-02,02,T1,LC08_L2SP_040037_20210205_20210302_02_T1
653,L,C,08,L2SP,040,037,2021-09-17,2021-09-25,02,T1,LC08_L2SP_040037_20210917_20210925_02_T1
654,L,C,08,L2SP,040,037,2021-11-04,2021-11-16,02,T1,LC08_L2SP_040037_20211104_20211116_02_T1
655,L,C,08,L2SP,040,037,2022-02-24,2022-03-01,02,T1,LC08_L2SP_040037_20220224_20220301_02_T1
656,L,C,08,L2SP,041,036,2014-02-25,2020-09-11,02,T1,LC08_L2SP_041036_20140225_20200911_02_T1
657,L,C,08,L2SP,041,036,2014-06-17,2020-09-11,02,T1,LC08_L2SP_041036_20140617_20200911_02_T1
658,L,C,08,L2SP,041,036,2014-08-20,2020-09-11,02,T1,LC08_L2SP_041036_20140820_20200911_02_T1
659,L,C,08,L2SP,041,036,2015-11-11,2020-09-08,02,T1,LC08_L2SP_041036_20151111_20200908_02_T1
660,L,C,08,L2SP,041,036,2017-04-22,2020-09-04,02,T1,LC08_L2SP_041036_20170422_20200904_02_T1
661,L,C,08,L2SP,041,036,2017-06-09,2020-09-03,02,T1,LC08_L2SP_041036_20170609_20200903_02_T1
662,L,C,08,L2SP,041,036,2017-06-25,2020-09-03,02,T1,LC08_L2SP_041036_20170625_20200903_02_T1
663,L,C,08,L2SP,041,036,2017-07-27,2020-09-03,02,T1,LC08_L2SP_041036_20170727_20200903_02_T1
664,L,C,08,L2SP,041,036,2018-02-04,2020-09-02,02,T1,LC08_L2SP_041036_20180204_20200902_02_T1
665,L,C,08,L2SP,041,036,2018-03-08,2020-09-01,02,T1,LC08_L2SP_041036_20180308_20200901_02_T1
666,L,C,08,L2SP,041,036,2018-06-12,2020-08-31,02,T1,LC08_L2SP_041036_20180612_20200831_02_T1
667,L,C,08,L2SP,041,036,2018-06-28,2020-08-31,02,T1,LC08_L2SP_041036_20180628_20200831_02_T1
668,L,C,08,L2SP,041,036,2018-09-16,2020-08-30,02,T1,LC08_L2SP_041036_20180916_20200830_02_T1
669,L,C,08,L2SP,041,036,2019-08-18,2020-08-27,02,T1,LC08_L2SP_041036_20190818_20200827_02_T1
670,L,C,08,L2SP,041,036,2019-09-19,2020-08-26,02,T1,LC08_L2SP_041036_20190919_20200826_02_T1
671,L,C,08,L2SP,041,036,2019-10-21,2020-08-25,02,T1,LC08_L2SP_041036_20191021_20200825_02_T1
672,L,C,08,L2SP,041,036,2019-11-22,2020-08-25,02,T1,LC08_L2SP_041036_20191122_20200825_02_T1
673,L,C,08,L2SP,041,036,2020-01-25,2020-08-23,02,T1,LC08_L2SP_041036_20200125_20200823_02_T1
674,L,C,08,L2SP,041,036,2020-06-17,2020-08-24,02,T1,LC08_L2SP_041036_20200617_20200824_02_T1
675,L,C,08,L2SP,041,036,2021-01-11,2021-03-08,02,T1,LC08_L2SP_041036_20210111_20210308_02_T1
676,L,C,08,L2SP,041,036,2021-02-28,2021-03-11,02,T1,LC08_L2SP_041036_20210228_20210311_02_T1
677,L,C,08,L2SP,041,036,2021-04-01,2021-04-09,02,T1,LC08_L2SP_041036_20210401_20210409_02_T1
678,L,C,08,L2SP,041,036,2021-05-03,2021-05-08,02,T1,LC08_L2SP_041036_20210503_20210508_02_T1
679,L,C,08,L2SP,041,036,2022-01-14,2022-01-23,02,T1,LC08_L2SP_041036_20220114_20220123_02_T1
680,L,C,08,L2SP,041,037,2013-12-07,2020-09-12,02,T2,LC08_L2SP_041037_20131207_20200912_02_T2
681,L,C,08,L2SP,041,037,2014-05-16,2020-09-11,02,T1,LC08_L2SP_041037_20140516_20200911_02_T1
682,L,C,08,L2SP,041,037,2015-01-27,2020-09-09,02,T1,LC08_L2SP_041037_20150127_20200909_02_T1
683,L,C,08,L2SP,041,037,2015-06-20,2020-09-09,02,T1,LC08_L2SP_041037_20150620_20200909_02_T1
684,L,C,08,L2SP,041,037,2016-11-13,2020-09-05,02,T1,LC08_L2SP_041037_20161113_20200905_02_T1
685,L,C,08,L2SP,041,037,2017-12-02,2020-09-02,02,T1,LC08_L2SP_041037_20171202_20200902_02_T1
686,L,C,08,L2SP,041,037,2018-08-31,2020-08-31,02,T1,LC08_L2SP_041037_20180831_20200831_02_T1
687,L,C,08,L2SP,041,037,2021-05-03,2021-05-08,02,T1,LC08_L2SP_041037_20210503_20210508_02_T1
688,L,C,08,L2SP,042,036,2013-05-20,2020-09-12,02,T1,LC08_L2SP_042036_20130520_20200912_02_T1
689,L,C,08,L2SP,042,036,2013-10-11,2020-09-12,02,T1,LC08_L2SP_042036_20131011_20200912_02_T1
690,L,C,08,L2SP,042,036,2013-10-27,2020-09-12,02,T1,LC08_L2SP_042036_20131027_20200912_02_T1
691,L,C,08,L2SP,042,036,2014-12-17,2020-09-10,02,T1,LC08_L2SP_042036_20141217_20200910_02_T1
692,L,C,08,L2SP,042,036,2015-11-18,2020-09-08,02,T1,LC08_L2SP_042036_20151118_20200908_02_T1
693,L,C,08,L2SP,042,036,2017-06-16,2020-09-03,02,T1,LC08_L2SP_042036_20170616_20200903_02_T1
694,L,C,08,L2SP,042,036,2019-12-31,2020-08-24,02,T1,LC08_L2SP_042036_20191231_20200824_02_T1
695,L,C,08,L2SP,042,036,2021-08-14,2021-08-26,02,T1,LC08_L2SP_042036_20210814_20210826_02_T1
696,L,C,09,L2SP,040,036,2022-03-04,2022-03-06,02,T1,LC09_L2SP_040036_20220304_20220306_02_T1
697,L,C,08,L2SP,040,036,2013-07-09,2020-09-12,02,T1,LC08_L2SP_040036_20130709_20200912_02_T1
698,L,C,08,L2SP,040,036,2013-08-10,2020-09-12,02,T1,LC08_L2SP_040036_20130810_20200912_02_T1
699,L,C,08,L2SP,040,036,2015-04-26,2020-09-09,02,T1,LC08_L2SP_040036_20150426_20200909_02_T1
700,L,C,08,L2SP,040,036,2016-07-01,2020-09-06,02,T1,LC08_L2SP_040036_20160701_20200906_02_T1
701,L,C,08,L2SP,040,036,2016-07-17,2020-09-06,02,T1,LC08_L2SP_040036_20160717_20200906_02_T1
702,L,C,08,L2SP,040,036,2017-05-17,2020-09-04,02,T1,LC08_L2SP_040036_20170517_20200904_02_T1
